<?xml version="1.0"?>
<doc>
    <assembly>
        <name>Mc.Talk</name>
    </assembly>
    <members>
        <!-- Badly formed XML comment ignored for member "T:App.Module.Talk.Logical.Baidu.MicrosoftTts" -->
        <member name="F:App.Module.Talk.Logical.Baidu.MicrosoftTts.TtsConfig.speechRegion">
            <summary>
            eastus
            </summary>
        </member>
        <member name="F:App.Module.Talk.Logical.Baidu.MicrosoftTts.TtsConfig.SpeechSynthesisVoiceName">
            <summary>
            en-US-ChristopherNeural
            </summary>
        </member>
    </members>
</doc>
