﻿{
  //mcc-linux
  "mcData": [
    {
      "mcUiSrc": "/MCC/{{routePrefix}}/ui/mcUi/talk.html",

      "speaker": "阿一"
    },
    {
      "mcUiSrc": "/MCC/{{routePrefix}}/ui/mcUi/talk.html",

      "speaker": "度一"
    },
    {
      "mcUiSrc": "/MCC/{{routePrefix}}/ui/mcUi/speak.html",

      "speaker": "阿一"
    },
    {
      "mcUiSrc": "/MCC/{{routePrefix}}/ui/mcUi/speak.html",

      "speaker": "度一"
    },
    {
      "mcUiSrc": "/MCC/{{routePrefix}}/ui/mcUi/speak.html",

      "speaker": "微软-Christopher"
    }
  ]


}
