<?xml version="1.0"?>
<doc>
    <assembly>
        <name>Sers.Mqtt</name>
    </assembly>
    <members>
        <member name="F:App.Module.Mqtt.Bridge.MqClient.OnGetMessageAsync">
            <summary>
            string topic,string payload
            </summary>
        </member>
        <member name="T:App.Module.Mqtt.Bridge.StepRunner.ApiDefinition">
            <summary>
            api request
            </summary>
        </member>
        <member name="T:App.Module.Mqtt.Bridge.StepRunner.MqDefinition">
            <summary>
            mq message
            </summary>
        </member>
    </members>
</doc>
