{ 
  "mcData": [
    {
      "mcUiSrc": "/MicroControl/MCUI/Sys/sers.singleSwitch.v1/index.html",

      "mcUiInitData": {

        "desc": "win10笔记本",
        "deviceName": "win10",

        "func": [

          {
            "type": "state",
            "title": "hostname",
            "api": "/MCC/{{routePrefix}}/ShellWithReturn",
            "argument": {
              "fileName": "hostname",
              "arguments": ""
            }
          },
          {
            "type": "button",
            "title": "获取系统名称",
            "api": "/MCC/{{routePrefix}}/ShellWithReturn",
            "argument": {
              "fileName": "hostname",
              "arguments": ""
            }
            //,"showConfirm": false  //是否显示确认框,默认是
            //,"showResult": false    //是否显示执行结果,默认是
          },
          {
            "type": "button",
            "title": "ping百度",
            "api": "/MCC/{{routePrefix}}/ShellWithReturn",
            "argument": {
              "fileName": "ping",
              "arguments": "www.baidu.com"
            },
            "onSuc": "function(apiRet,func){ alert(apiRet.data + func.title);  }"
          },
          {
            "type": "button",
            "title": "打开百度",
            "onClick": "function(func){ func.title);  }"
          },
          {
            "type": "button",
            "title": "重启",
            "api": "/MCC/{{routePrefix}}/Shell",
            "argument": {
              "fileName": "shutdown",
              "arguments": "-r -t 10"
            }
          },
          {
            "type": "button",
            "title": "关机",
            "api": "/MCC/{{routePrefix}}/Shell",
            "argument": {
              "fileName": "shutdown",
              "arguments": "-s -t 10"
            }
          }

        ]

      }
    }
  ]

}