<?xml version="1.0"?>
<doc>
    <assembly>
        <name>Sqler</name>
    </assembly>
    <members>
        <member name="M:App.Module.AutoTemp.Controllers.AutoTempController.getConfig(System.String)">
            <summary>
            GET autoTemp/getConfig
            </summary>
            <returns></returns>
        </member>
        <member name="M:App.Module.AutoTemp.Controllers.AutoTempController.getList(System.String,System.String,System.String,System.String,System.String)">
            <summary>
            GET autoTemp/getList
            </summary>
            <returns></returns>
        </member>
        <member name="M:App.Module.AutoTemp.Controllers.AutoTempController.getModel(System.String,System.String)">
            <summary>
            GET autoTemp/getModel
            </summary>
            <returns></returns>
        </member>
        <member name="M:App.Module.AutoTemp.Controllers.AutoTempController.insert(System.String,Newtonsoft.Json.Linq.JObject)">
            <summary>
            POST autoTemp/insert
            </summary>
            <returns></returns>
        </member>
        <member name="M:App.Module.AutoTemp.Controllers.AutoTempController.update(System.String,Newtonsoft.Json.Linq.JObject)">
            <summary>
            PUT autoTemp/update
            </summary>
            <returns></returns>
        </member>
        <member name="M:App.Module.AutoTemp.Controllers.AutoTempController.delete(System.String,Newtonsoft.Json.Linq.JObject)">
            <summary>
            DELETE autoTemp/delete
            </summary>
            <returns></returns>
        </member>
        <member name="M:App.Module.Sqler.Controllers.DataEditor.DataEditorController.templateList">
            <summary>
            获取模板列表
            </summary>
            <returns></returns>
        </member>
        <member name="T:App.Module.Sqler.Controllers.DbPort.DbPortController">
            <summary>
            
            </summary>
        </member>
        <member name="T:App.Module.Sqler.Controllers.SqlBackup.MySqlBackupController">
            <summary>
            
            </summary>
        </member>
        <member name="M:App.Module.Sqler.Controllers.SqlBackup.MySqlBackupController.getControllerConfig">
            <summary>
            GET autoTemp/getConfig
            </summary>
            <returns></returns>
        </member>
        <member name="M:App.Module.Sqler.Controllers.SqlBackup.MySqlBackupController.getList(System.String,System.String,System.String,System.String)">
            <summary>
            GET autoTemp/getList
            </summary>
            <returns></returns>
        </member>
        <member name="M:App.Module.Sqler.Controllers.SqlBackup.MySqlBackupController.getModel(System.String)">
            <summary>
            GET autoTemp/getModel
            </summary>
            <returns></returns>
        </member>
        <member name="M:App.Module.Sqler.Controllers.SqlBackup.MySqlBackupController.update(Newtonsoft.Json.Linq.JObject)">
            <summary>
            PUT autoTemp/update
            </summary>
            <returns></returns>
        </member>
        <member name="M:App.Module.Sqler.Controllers.SqlBackup.MySqlBackupController.delete(Newtonsoft.Json.Linq.JObject)">
            <summary>
            DELETE autoTemp/delete
            </summary>
            <returns></returns>
        </member>
        <member name="M:App.Module.Sqler.Controllers.SqlBackup.MySqlBackupController.CreateDataBase">
             所有操作： 创建、删除
                        附加、分离
                        强关所有连接
                        备份、还原
                        
        </member>
        <member name="T:App.Module.Sqler.Controllers.SqlBackup.SqlServerBackupController">
            <summary>
            
            </summary>
        </member>
        <member name="M:App.Module.Sqler.Controllers.SqlBackup.SqlServerBackupController.getControllerConfig">
            <summary>
            GET autoTemp/getConfig
            </summary>
            <returns></returns>
        </member>
        <member name="M:App.Module.Sqler.Controllers.SqlBackup.SqlServerBackupController.getList(System.String,System.String,System.String,System.String)">
            <summary>
            GET autoTemp/getList
            </summary>
            <returns></returns>
        </member>
        <member name="M:App.Module.Sqler.Controllers.SqlBackup.SqlServerBackupController.getModel(System.String)">
            <summary>
            GET autoTemp/getModel
            </summary>
            <returns></returns>
        </member>
        <member name="M:App.Module.Sqler.Controllers.SqlBackup.SqlServerBackupController.update(Newtonsoft.Json.Linq.JObject)">
            <summary>
            PUT autoTemp/update
            </summary>
            <returns></returns>
        </member>
        <member name="M:App.Module.Sqler.Controllers.SqlBackup.SqlServerBackupController.delete(Newtonsoft.Json.Linq.JObject)">
            <summary>
            DELETE autoTemp/delete
            </summary>
            <returns></returns>
        </member>
        <member name="M:App.Module.Sqler.Controllers.SqlBackup.SqlServerBackupController.CreateDataBase">
             所有操作： 创建、删除
                        附加、分离
                        强关所有连接
                        备份、还原
                        
        </member>
        <member name="T:App.Module.Sqler.Controllers.SqlRun.SqlRunController">
            <summary>
            
            </summary>
        </member>
        <member name="M:App.Module.Sqler.Controllers.SqlRun.SqlRunController.AppendXmlStr(System.Text.StringBuilder,System.String)">
            <summary>
            <para>向xml 的 内容 转换 并追加到 builder。                                         </para>
            <para>例如 转换为  &lt;a title=""&gt;ok&lt;/a&gt;  中a标签的内容体（innerHTML）     </para>
            <para>或 转换为  &lt;a title=""&gt;ok&lt;/a&gt;  中title的值。                      </para>
            <para>                                                                              </para>
            <para>转换 " &amp;  &lt;   &gt;  为  &amp;quot;  &amp;amp;   &amp;lt;   &amp;gt; 。 </para>
            <para>注： ' 对应 &amp;apos; ，但有些浏览器不支持，故此函数不转换。                 </para>
            </summary>
            <param name="builder">不可为空</param>
            <param name="str">若为 空 或 空字符串，则原样返回</param>
            <returns>原 builder</returns>
        </member>
        <member name="M:App.Module.Sqler.Controllers.SqlVersion.SqlVersionController.Upgrade(System.String,System.Int32)">
            <summary>
            升级
            </summary>
            <returns></returns>
        </member>
        <member name="M:App.Module.Sqler.Controllers.SqlVersion.SqlVersionController.OneKeyUpgrade">
            <summary>
            一键升级
            </summary>
            <returns></returns>
        </member>
        <member name="M:App.Module.Sqler.Controllers.SqlVersion.SqlVersionController.DownloadSql(System.String)">
            <summary>
            获取模板列表
            </summary>
            <returns></returns>
        </member>
        <member name="P:App.Module.Sqler.Logical.DataEditor.Model.id">
            <summary>
            [field:visiable=false]
            [controller:permit.delete=false]
            [controller:list.title=Config]
            </summary>
        </member>
        <member name="P:App.Module.Sqler.Logical.DataEditor.Model.type">
            <summary>
            数据库类型
            </summary>
        </member>
        <member name="P:App.Module.Sqler.Logical.DataEditor.Model.ConnectionString">
            <summary>
            连接字符串[field:ig-class=TextArea]
            </summary>
        </member>
        <member name="P:App.Module.Sqler.Logical.DataEditor.Model.menu">
            <summary>
            自定义菜单[field:ig-class=TextArea]
            [field:ig-param={height:400}]
            </summary>
        </member>
        <member name="P:App.Module.Sqler.Logical.DataEditor.DataProvider.DbSchemaDataProvider.Model.primary_key">
            <summary>
            是否为主键(1：是,   其他：不是)
            </summary>
        </member>
        <member name="P:App.Module.Sqler.Logical.DataEditor.DataProvider.DbSchemaDataProvider.Model.autoincrement">
            <summary>
            是否为自增列(1：是,   其他：不是)
            </summary>
        </member>
        <member name="P:App.Module.Sqler.Logical.DataEditor.DataProvider.DbSchemaDataProvider.Model.column_comment">
            <summary>
            备注
            </summary>
        </member>
        <member name="P:App.Module.Sqler.Logical.DataEditor.DataProvider.DbSchemaDataProvider.Model.user_comment">
            <summary>
            备注
            </summary>
        </member>
        <member name="P:App.Module.Sqler.Logical.DataEditor.DataProvider.DbSchemaDataProvider.Model.column_type">
            <summary>
            db Type
            </summary>
        </member>
        <member name="P:App.Module.Sqler.Logical.SqlBackup.MySqlBackup.Model.id">
            <summary>
            [field:visiable=false]
            [controller:permit.delete=false] 
            </summary>
        </member>
        <member name="P:App.Module.Sqler.Logical.SqlBackup.MySqlBackup.Model.ConnectionString">
            <summary>
            连接字符串
            [field:title=&lt;span title='数据库连接字符串'&gt;连接字符串&lt;/span&gt;]       
            [field:ig-class=TextArea]
            </summary>
        </member>
        <member name="P:App.Module.Sqler.Logical.SqlBackup.MySqlBackup.Model.BackupPath">
            <summary>
            数据库备份还原文件的所在文件夹。例：@"F:\\db"。若不指定则为 /Data/MySqlBackup
            [field:title=&lt;span title='数据库备份还原文件的文件夹路径。例：@"F:\\db"。若不指定则为 Data/MySqlBackup'&gt;备份路径&lt;/span&gt;]
            [field:ig-class=TextArea]
            </summary>
        </member>
        <member name="P:App.Module.Sqler.Logical.SqlBackup.SqlServerBackup.Model.id">
            <summary>
            [field:visiable=false]
            [controller:permit.delete=false] 
            </summary>
        </member>
        <member name="P:App.Module.Sqler.Logical.SqlBackup.SqlServerBackup.Model.ConnectionString">
            <summary>
            Ms连接字符串
            [field:title=&lt;span title='SqlServer数据库连接字符串'&gt;Ms连接字符串&lt;/span&gt;]       
            [field:ig-class=TextArea]
            </summary>
        </member>
        <member name="P:App.Module.Sqler.Logical.SqlBackup.SqlServerBackup.Model.BackupPath">
            <summary>
            SqlServer数据库备份还原文件的所在文件夹。例：@"F:\\db"。若不指定则为 /Data/SqlServerBackup
            [field:title=&lt;span title='SqlServer数据库备份还原文件的文件夹路径。例：@"F:\\db"。若不指定则为 Data/SqlServerBackup'&gt;Ms备份路径&lt;/span&gt;]
            [field:ig-class=TextArea]
            </summary>
        </member>
        <member name="P:App.Module.Sqler.Logical.SqlBackup.SqlServerBackup.Model.MdfPath">
            <summary>
            SqlServer数据库文件所在文件夹。例："..\DataBaseFile" 、 "C:\Program Files (x86)\Microsoft SQL Server\MSSQL\data"。若不指定则为系统默认路径
            
            [field:title=&lt;span title='SqlServer数据库文件所在文件夹。例："..\DataBaseFile" 、 "C:\Program Files (x86)\Microsoft SQL Server\MSSQL\data"。若不指定则为系统默认路径'&gt;Ms数据库路径&lt;/span&gt;]
            [field:ig-class=TextArea]
            </summary>
        </member>
        <member name="M:App.Module.Sqler.Logical.SqlBackup.SqlServerBackup.SqlServerLogical.CreateDataBase">
             所有操作： 创建、删除
                        附加、分离
                        强关所有连接
                        备份、还原
                        
        </member>
        <member name="M:App.Module.Sqler.Logical.SqlBackup.SqlServerBackup.SqlServerLogical.Restore(System.String,System.String,System.Boolean,System.Int32)">
            <summary>
            
            </summary>
            <param name="filePath"></param>
            <param name="fileName"></param>
            <param name="force">若数据库已经存在，是否仍然还原</param>
            <param name="sliceMb">文件切片大小。默认：100,单位 MB。若指定小于备份文件大小的正数，则在传递文件到远程时进行分片传递。建议在备份文件过大时使用。</param>
        </member>
        <member name="P:App.Module.Sqler.Logical.SqlerHelp.DataPath">
            <summary>
            Data文件夹绝对路径。
            </summary>
        </member>
        <member name="P:App.Module.Sqler.Logical.SqlerHelp.sqlerConfig">
            <summary>
            (Member.2)
            </summary>
        </member>
        <member name="P:App.Module.Sqler.Logical.SqlRun.Model.id">
            <summary>
            [field:visiable=false]
            [controller:permit.delete=false] 
            </summary>
        </member>
        <member name="P:App.Module.Sqler.Logical.SqlRun.Model.type">
            <summary>
            数据库类型
            </summary>
        </member>
        <member name="P:App.Module.Sqler.Logical.SqlRun.Model.ConnectionString">
            <summary>
            连接字符串[field:ig-class=TextArea]
            </summary>
        </member>
        <member name="P:App.Module.Sqler.Logical.SqlVersion.Model.id">
            <summary>
            [field:visiable=false]
            [controller:permit.delete=false] 
            </summary>
        </member>
        <member name="P:App.Module.Sqler.Logical.SqlVersion.Model.type">
            <summary>
            数据库类型
            </summary>
        </member>
        <member name="P:App.Module.Sqler.Logical.SqlVersion.Model.ConnectionString">
            <summary>
            连接字符串[field:ig-class=TextArea]
            </summary>
        </member>
        <member name="P:App.Module.Sqler.Logical.SqlVersion.Model.SqlCodeEditable">
            <summary>
            是否可修改sql
            </summary>
        </member>
        <member name="P:App.Module.Sqler.Logical.SqlVersion.Entity.sqler_version.module">
            <summary>
            模块
            [controller:permit.delete=false]
            [filter:,=]
            </summary>
        </member>
        <member name="P:App.Module.Sqler.Logical.SqlVersion.Entity.sqler_version.version">
            <summary>
            版本
            [filter:,=]
            </summary>
        </member>
        <member name="P:App.Module.Sqler.Logical.SqlVersion.Entity.sqler_version.success">
            <summary>
            是否成功
            [filter:,=]
            </summary>
        </member>
        <member name="P:App.Module.Sqler.Logical.SqlVersion.Entity.sqler_version.result">
            <summary>
            语句执行结果
            [field:ig-class=TextArea]       
            [field:ig-param={height:250}]
            </summary>
        </member>
        <member name="P:App.Module.Sqler.Logical.SqlVersion.Entity.sqler_version.code">
            <summary>
            sql语句
            [field:ig-class=TextArea]       
            [field:ig-param={height:50}]
            </summary>
        </member>
        <member name="P:App.Module.Sqler.Logical.SqlVersion.SqlVersionModuleModel.repository">
            <summary>
            [fieldIgnore]
            </summary>
        </member>
        <member name="P:App.Module.Sqler.Logical.SqlVersion.SqlVersionModuleModel.id">
            <summary>
            [field:visiable=false]
            
            [controller:permit.update=false]
            [controller:permit.delete=false]
            [controller:permit.show=false]
            
            [controller:list.buttons=\x5B
            {text:'一键升级',handler:'function(callback){  callback();window.open("/sqler/SqlVersion/oneKeyUpgrade"); }' }  
            \x5D]
            
            [controller:list.rowButtons=\x5B
            {text:'管理',handler:'function(callback,id){  callback();theme.addTab("/autoTemp/Scripts/autoTemp/list.html?apiRoute=/autoTemp/data/Sqler_SqlVersion_Module_"+id+"/{action}","SqlVersion_"+id); }' } 
            ,{text:'升级至最新',handler:'function(callback,id){  callback();window.open("/sqler/SqlVersion/upgrade?version=-1&amp;module="+id); }' }  
            ,{text:'下载sql',handler:'function(callback,id){  callback();window.open("/sqler/SqlVersion/download?module="+id); }' }  
            \x5D]
            
            
            </summary>
        </member>
        <member name="P:App.Module.Sqler.Logical.SqlVersion.SqlVersionModuleModel.fileName">
            <summary>
            文件名称 
            </summary> 
        </member>
        <member name="P:App.Module.Sqler.Logical.SqlVersion.SqlVersionModuleModel.lastVersion">
            <summary>
            最高版本[field:editable=false]
            </summary>
        </member>
        <member name="P:App.Module.Sqler.Logical.SqlVersion.SqlVersionModuleModel.curDbVersion">
            <summary>
            当前版本[field:editable=false]
            </summary>
        </member>
        <member name="P:App.Module.Sqler.Logical.SqlVersion.SqlCodeRepository.lastVersion">
            <summary>
            最高版本
            </summary>
        </member>
        <member name="P:App.Module.Sqler.Logical.SqlVersion.SqlCodeRepository.curDbVersion">
            <summary>
            数据库当前版本
            </summary>
        </member>
        <member name="P:App.Module.Sqler.Logical.SqlVersion.SqlCodeModel.version">
            <summary>
            版本号[field:list_width=80] 
            [controller:permit.delete=false]    
            
            [controller:list.rowButtons=\x5B
              {text:'升级至此版本',handler:'function(callback,id){  callback();window.open("/sqler/SqlVersion/upgrade?version="+id+"&amp;module="+document.url_GetCurArg("apiRoute").slice(39,-9)); }' }  
            \x5D]
            
            
            
            </summary>
        </member>
        <member name="P:App.Module.Sqler.Logical.SqlVersion.SqlCodeModel.author">
            <summary>
            作者[field:list_width=80] 
            </summary>
        </member>
        <member name="P:App.Module.Sqler.Logical.SqlVersion.SqlCodeModel.code">
            <summary>
            sql语句
            [field:ig-class=TextArea] 
            [field:ig-param={height:200}]
            </summary>
        </member>
        <member name="P:App.Module.Sqler.Logical.SqlVersion.SqlCodeModel.comment">
            <summary>
            说明
            [field:ig-class=TextArea]       
            [field:ig-param={height:50}]
            </summary>
        </member>
        <member name="P:App.Module.Sqler.Logical.SqlVersion.SqlCodeModel.time">
            <summary>
            操作时间[field:editable=false]
            </summary>
        </member>
        <member name="P:App.Module.Sqler.Logical.SqlVersion.SqlCodeModel.attr_type">
            <summary>
            类型。（表结构、表字段、函数、存储过程、视图、触发器、表数据）
            [field:title=类型]
            </summary>
        </member>
        <member name="P:App.Module.Sqler.Logical.SqlVersion.SqlCodeModel.attr_Opt">
            <summary>
            操作。语句所做操作。（增加、删除、修改、重命名） 
            [field:title=操作]
            </summary>
        </member>
        <member name="P:App.Module.Sqler.Logical.SqlVersion.SqlCodeModel.attr_obj">
            <summary>
            处理对象。例如： T_TreeData
            [field:title=处理对象]
            </summary>
        </member>
        <member name="P:App.Module.Sqler.Logical.SqlVersion.SqlCodeModel.attr_obj2">
            <summary>
            处理对象2。例如： T_TreeData
            [field:title=处理对象2]
            </summary>
        </member>
        <member name="P:App.Module.Sqler.Logical.SqlVersion.SqlCodeModel.attr_isSys">
            <summary>
            是否为系统语句。"是":是。其他(尤指"否")：否。
            [field:title=系统语句]
            </summary>
        </member>
        <member name="P:App.Module.Sqler.Logical.SqlVersion.SqlCodeModel.attr_ext">
            <summary>
            额外说明
            </summary>
        </member>
        <member name="M:App.Module.Sqler.Logical.SqlVersion.VersionManage.UpgradeToVersion(System.String,System.Action{Sqler.Module.Sqler.Logical.Message.EMsgType,System.String},System.Int32)">
            <summary>
            返回已经升级的版本数量
            </summary>
            <param name="module"></param>
            <param name="sendMsg"></param>
            <param name="descVersion"></param>
            <returns></returns>
        </member>
        <member name="T:App.ExceptionFilter">
            <summary>
            
            </summary>
        </member>
        <member name="M:App.ExceptionFilter.OnException(Microsoft.AspNetCore.Mvc.Filters.ExceptionContext)">
            <summary>
            发生异常时进入
            </summary>
            <param name="context"></param>
        </member>
        <member name="M:App.ExceptionFilter.OnExceptionAsync(Microsoft.AspNetCore.Mvc.Filters.ExceptionContext)">
            <summary>
            异步发生异常时进入
            </summary>
            <param name="context"></param>
            <returns></returns>
        </member>
        <member name="T:Vit.ConsoleUtil.CommandAttribute">
            <summary>
            命令名称，若不指定内容则使用函数名
            </summary>
        </member>
        <member name="T:Vit.ConsoleUtil.RemarksAttribute">
            <summary>
            命令说明，用以提示用户
            </summary>
        </member>
        <member name="M:Vit.ConsoleUtil.ConsoleHelp.GetArg(System.String[],System.String)">
            <summary>
             null: 未指定参数
             ""  : 指定了参数，但未指定值
             其他: 指定了参数，其为参数的值
            </summary>
            <param name="args"> </param>
            <param name="argName">参数名 如 "-createTable"</param>
            <returns></returns>
        </member>
        <member name="M:Vit.ConsoleUtil.ConsoleHelp.Exec(System.String[])">
            <summary> 
            查找CommandAttribute特性的静态函数并按参数指定调用
            </summary>
            <param name="args"></param>
        </member>
        <member name="F:Sqler.Module.Sqler.Logical.DbPort.DataOutput.type">
            <summary>
            mssql、mysql、sqlite
            </summary>
        </member>
        <member name="M:Sqler.Module.Sqler.Logical.SqlBackup.MySqlBackup.MySqlLogical.CreateDataBase">
             所有操作： 创建、删除
                        远程备份、远程还原
                     
        </member>
        <member name="M:Sqler.Module.Sqler.Logical.SqlBackup.MySqlBackup.MySqlLogical.Restore(System.String,System.String,System.Boolean)">
            <summary>
            
            </summary>
            <param name="filePath"></param>
            <param name="fileName"></param>
            <param name="force">若数据库已经存在，是否仍然还原</param>
        </member>
    </members>
</doc>
