<?xml version="1.0"?>
<doc>
    <assembly>
        <name>Sers.CL.WebSocket</name>
    </assembly>
    <members>
        <member name="F:Sers.CL.WebSocket.DeliveryClient.host">
            <summary>
            服务端地址(默认为 "ws://127.0.0.1:4503")
            </summary>
        </member>
        <member name="F:Sers.CL.WebSocket.DeliveryClient.validateRemoteCertificate">
            <summary>
            是否校验服务端证书(使用wss时有效)，default:true
            </summary>
        </member>
        <member name="P:Sers.CL.WebSocket.DeliveryClient_Connection.state">
            <summary>
            连接状态(0:waitForCertify; 2:certified; 4:waitForClose; 8:closed;)
            </summary>
        </member>
        <member name="P:Sers.CL.WebSocket.DeliveryClient_Connection.OnGetFrame">
            <summary>
            请勿处理耗时操作，需立即返回。接收到客户端的数据事件
            </summary>
        </member>
        <member name="P:Sers.CL.WebSocket.DeliveryClient_Connection.socket">
            <summary>
            通信SOCKET
            </summary>
        </member>
        <member name="F:Sers.CL.WebSocket.DeliveryClient_Connection.receiveBufferSize">
            <summary>
            缓存区大小
            </summary>
        </member>
        <member name="F:Sers.CL.WebSocket.DeliveryServer.host">
            <summary>
            server address(default: "ws://0.0.0.0:4503")
            </summary>
        </member>
        <member name="F:Sers.CL.WebSocket.DeliveryServer.certificate">
            <summary>
            
            </summary>
        </member>
        <member name="P:Sers.CL.WebSocket.DeliveryServer.CertificateInfo.filePath">
            <summary>
            Data/ssl.pfx
            </summary>
        </member>
        <member name="M:Sers.CL.WebSocket.DeliveryServer.Stop">
            <summary>
            停止服务
            </summary>
        </member>
        <member name="F:Sers.CL.WebSocket.DeliveryServer.connMap">
            <summary>
             connHashCode -> DeliveryConnection
            </summary>
        </member>
        <member name="P:Sers.CL.WebSocket.DeliveryServer_Connection.state">
            <summary>
            连接状态(0:waitForCertify; 2:certified; 4:waitForClose; 8:closed;)
            </summary>
        </member>
        <member name="P:Sers.CL.WebSocket.DeliveryServer_Connection.OnGetFrame">
            <summary>
            请勿处理耗时操作，需立即返回。接收到客户端的数据事件
            </summary>
        </member>
        <member name="P:Sers.CL.WebSocket.DeliveryServer_Connection.socket">
            <summary>
            通信SOCKET
            </summary>
        </member>
    </members>
</doc>
