<?xml version="1.0"?>
<doc>
    <assembly>
        <name>App.Robot.Station</name>
    </assembly>
    <members>
        <member name="M:App.Robot.Station.Controllers.TaskController.TaskMngSaveToCache">
            <summary>
            保存到Cache
            </summary>
            <returns></returns>
        </member>
        <member name="M:App.Robot.Station.Controllers.TaskController.GetAll">
            <summary>
            获取所有任务
            </summary>
            <returns>ArgModelDesc-returns</returns>
        </member>
        <member name="M:App.Robot.Station.Controllers.TaskController.Add(App.Robot.Station.Logical.TaskConfig)">
            <summary>
            创建新任务
            </summary>
            <param name="config"></param>
            <returns></returns>
        </member>
        <member name="F:App.Robot.Station.Logical.TaskConfig.type">
            <summary>
            ApiClient、ApiClientAsync、 HttpClient、HttpUtil
            </summary>
        </member>
        <member name="F:App.Robot.Station.Logical.TaskConfig.interval">
            <summary>
            每次调用时间间隔。（单位:ms）
            </summary>
        </member>
        <member name="F:App.Robot.Station.Logical.TaskConfig.logError">
            <summary>
            失败时是否控制台输出
            </summary>
        </member>
        <member name="F:App.Robot.Station.Logical.TaskMng.MainTask">
            <summary>
             主线程开启的常驻线程，用以启动api触发的任务。
             若在api中直接调用，则会导致 ApiClient中 RpcData错乱的问题
             （RpcData通过AsyncCache保存api调用关系，故若api中直接开启线程调用api，可能会出现api中的 RpcData错乱）。
            </summary>
        </member>
    </members>
</doc>
