<?xml version="1.0"?>
<doc>
    <assembly>
        <name>Mc.Math.Radical</name>
    </assembly>
    <members>
        <member name="M:App.Module.Radical.RadicalHelp.subtract(System.Text.StringBuilder,System.Text.StringBuilder,System.Text.StringBuilder)">
            <summary>
            正整数字符串 相减
            若 n1大于 n2,则计算 (n1-n2) 存放到 dest中，并返回true.
            否则 返回false;
               
            </summary>
            <param name="n1"></param>
            <param name="n2"></param>
            <returns></returns>
        </member>
        <member name="M:App.Module.Radical.RadicalHelp.times(System.Text.StringBuilder,System.Int32,System.Text.StringBuilder)">
            <summary> 
             计算 n1 * n2  
            </summary>
            <param name="n1">必须为正整数</param>
            <param name="n2">必须为一位正整数（1~9）</param>
        </member>
        <member name="F:App.Module.Radical.RadicalHelp.param_Ori">
            <summary>
            要开根号的数字
            </summary>
        </member>
        <member name="F:App.Module.Radical.RadicalHelp.param_Int">
            <summary>
            要开根号的数字,去除小数点
            </summary>
        </member>
        <member name="M:App.Module.Radical.RadicalHelp.appendLeft2(System.Text.StringBuilder,System.Int32)">
            <summary>
            
            </summary>
            <param name="leftValue"></param>
            <returns> 是否获取到数据。若没获取到，则append "00"</returns>
        </member>
    </members>
</doc>
