<?xml version="1.0"?>
<doc>
    <assembly>
        <name>SersKit</name>
    </assembly>
    <members>
        <member name="P:App.SersKit.Station.Controllers.ErrorCollector.ErrorItem.collectTime">
            <summary>
            搜集的时间
            </summary>
        </member>
        <member name="P:App.SersKit.Station.Controllers.ErrorCollector.ErrorItem.state">
            <summary>
            处理状态。如"已处理"
            </summary>
        </member>
        <member name="P:App.SersKit.Station.Controllers.ErrorCollector.ErrorItem.when">
            <summary>
            错误发生时机。如 "派单时短信提醒客户"
            </summary>
        </member>
        <member name="P:App.SersKit.Station.Controllers.ErrorCollector.ErrorItem.reason">
            <summary>
            错误原因。如 "无法获取装修商手机号"
            </summary>
        </member>
        <member name="P:App.SersKit.Station.Controllers.ErrorCollector.ErrorItem.errorType">
            <summary>
            错误类型。如 "ali云短信发送失败"
            </summary>
        </member>
        <member name="P:App.SersKit.Station.Controllers.ErrorCollector.ErrorItem.stationName">
            <summary>
            发生错误站点的名称
            </summary>
        </member>
        <member name="P:App.SersKit.Station.Controllers.ErrorCollector.ErrorItem.ssError">
            <summary>
            错误内容
            </summary>
        </member>
        <member name="P:App.SersKit.Station.Controllers.ErrorCollector.ErrorItem.occurTime">
            <summary>
            错误发生时间
            </summary>
        </member>
        <member name="P:App.SersKit.Station.Controllers.ErrorCollector.ErrorItem.content">
            <summary>
            json 记录错误内容
            </summary>
        </member>
        <member name="P:App.SersKit.Station.Controllers.ErrorCollector.ErrorItem.extData">
            <summary>
            
            </summary>
        </member>
        <member name="M:App.SersKit.Station.Controllers.Mail.MailController.Send(System.String[],System.String,System.String,System.Nullable{System.Boolean})">
            <summary>
            使用系统账户发送邮件
            </summary>
            <param name="tos">收件人地址数组，例：123456789@qq.com</param>
            <param name="subject">邮件主题</param>
            <param name="body">邮件内容</param>
            <param name="bodyIsHtml">indicating whether the mail message body is in Html.</param> 
            <returns></returns>
        </member>
        <member name="M:App.SersKit.Station.Controllers.Ticket.TicketController.Push(App.SersKit.Station.Controllers.Ticket.TicketItem)">
            <summary>
            推送工单
            </summary>
            <param name="ticket"></param>
            <returns></returns>
        </member>
        <member name="M:App.SersKit.Station.Controllers.Ticket.TicketController.Close(System.Int64,System.String,System.String)">
            <summary>
            关闭工单
            </summary>
            <param name="ticket_id"></param>
            <param name="handler"></param>
            <param name="remarks"></param>
            <returns></returns>
        </member>
        <member name="P:App.SersKit.Station.Controllers.Ticket.TicketItem.collectTime">
            <summary>
            搜集的时间
            </summary>
        </member>
        <member name="P:App.SersKit.Station.Controllers.Ticket.TicketItem.ticket_id">
            <summary>
            工单id
            </summary>
        </member>
        <member name="P:App.SersKit.Station.Controllers.Ticket.TicketItem.ticket_level">
            <summary>
            工单等级
            </summary>
        </member>
        <member name="P:App.SersKit.Station.Controllers.Ticket.TicketItem.ticket_timeoutHours">
            <summary>
            工单超时时间（小时）
            </summary>
        </member>
        <member name="P:App.SersKit.Station.Controllers.Ticket.TicketItem.ticket_state">
            <summary>
            处理状态。如 "":无需处理，"open":正在受理状态        "close":工单受理完毕
            </summary>
        </member>
        <member name="P:App.SersKit.Station.Controllers.Ticket.TicketItem.ticket_log">
            <summary>
            处理日志，json格式存储处理日志。如：   [{handleTime:"2019-02-02 02:02:02",handler:'123@163.com'}]
            </summary>
        </member>
        <member name="P:App.SersKit.Station.Controllers.Ticket.TicketItem.when">
            <summary>
            工单发生时机。如 "派单时短信提醒客户"
            </summary>
        </member>
        <member name="P:App.SersKit.Station.Controllers.Ticket.TicketItem.reason">
            <summary>
            工单原因。如 "无法获取装修商手机号"
            </summary>
        </member>
        <member name="P:App.SersKit.Station.Controllers.Ticket.TicketItem.errorType">
            <summary>
            工单类型。如 "ali云短信发送失败"
            </summary>
        </member>
        <member name="P:App.SersKit.Station.Controllers.Ticket.TicketItem.stationName">
            <summary>
            推送工单的站点
            </summary>
        </member>
        <member name="P:App.SersKit.Station.Controllers.Ticket.TicketItem.occurTime">
            <summary>
            工单发生时间
            </summary>
        </member>
        <member name="P:App.SersKit.Station.Controllers.Ticket.TicketItem.description">
            <summary>
            工单描述
            </summary>
        </member>
        <member name="P:App.SersKit.Station.Controllers.Ticket.TicketItem.howToHandle">
            <summary>
            工单如何处理
            </summary>
        </member>
        <member name="P:App.SersKit.Station.Controllers.Ticket.TicketItem.ssError">
            <summary>
            错误内容
            </summary>
        </member>
        <member name="P:App.SersKit.Station.Controllers.Ticket.TicketItem.content">
            <summary>
            json 记录错误内容
            </summary>
        </member>
        <member name="P:App.SersKit.Station.Controllers.Ticket.TicketItem.extData">
            <summary>
            
            </summary>
        </member>
        <member name="P:App.SersKit.Station.Service.ErrorItem.when">
            <summary>
            错误发生时机。如 "派单时短信提醒客户"
            </summary>
        </member>
        <member name="P:App.SersKit.Station.Service.ErrorItem.reason">
            <summary>
            错误原因。如 "无法获取装修商手机号"
            </summary>
        </member>
        <member name="P:App.SersKit.Station.Service.ErrorItem.errorType">
            <summary>
            错误类型。如 "ali云短信发送失败"
            </summary>
        </member>
        <member name="P:App.SersKit.Station.Service.ErrorItem.stationName">
            <summary>
            发生错误站点的名称
            </summary>
        </member>
        <member name="P:App.SersKit.Station.Service.ErrorItem.ssError">
            <summary>
            错误内容
            </summary>
        </member>
        <member name="P:App.SersKit.Station.Service.ErrorItem.occurTime">
            <summary>
            错误发生时间
            </summary>
        </member>
        <member name="P:App.SersKit.Station.Service.ErrorItem.content">
            <summary>
            json 记录错误内容
            </summary>
        </member>
        <member name="P:App.SersKit.Station.Service.ErrorItem.extData">
            <summary>
            
            </summary>
        </member>
        <member name="M:App.SersKit.Station.Service.MailService.Send(System.String[],System.String,System.String,System.Boolean)">
            <summary>
            使用系统账户发送邮件
            </summary>
            <param name="tos">收件人地址数组，例：123456789@qq.com</param>
            <param name="subject">邮件主题</param>
            <param name="body">邮件内容</param>
            <param name="bodyIsHtml">indicating whether the mail message body is in Html.</param>      
        </member>
        <member name="M:App.SersKit.Station.Service.MailService.SendAsync(System.String[],System.String,System.String,System.Boolean)">
            <summary>
            使用系统账户发送邮件
            </summary>
            <param name="tos">收件人地址数组，例：123456789@qq.com</param>
            <param name="subject">邮件主题</param>
            <param name="body">邮件内容</param>
            <param name="bodyIsHtml">indicating whether the mail message body is in Html.</param>      
        </member>
        <member name="M:App.SersKit.Station.Service.TicketService.Push(App.SersKit.Station.Service.TicketItem)">
            <summary>
            
            </summary>
            <param name="ticket"></param>
            <returns></returns>
        </member>
        <member name="P:App.SersKit.Station.Service.TicketItem.ticket_level">
            <summary>
            工单等级
            </summary>
        </member>
        <member name="P:App.SersKit.Station.Service.TicketItem.ticket_timeoutHours">
            <summary>
            工单超时时间（小时）
            </summary>
        </member>
        <member name="P:App.SersKit.Station.Service.TicketItem.when">
            <summary>
            工单发生时机。如 "派单时短信提醒客户"
            </summary>
        </member>
        <member name="P:App.SersKit.Station.Service.TicketItem.reason">
            <summary>
            工单原因。如 "无法获取装修商手机号"
            </summary>
        </member>
        <member name="P:App.SersKit.Station.Service.TicketItem.errorType">
            <summary>
            工单类型。如 "ali云短信发送失败"
            </summary>
        </member>
        <member name="P:App.SersKit.Station.Service.TicketItem.stationName">
            <summary>
            推送工单的站点
            </summary>
        </member>
        <member name="P:App.SersKit.Station.Service.TicketItem.occurTime">
            <summary>
            工单发生时间
            </summary>
        </member>
        <member name="P:App.SersKit.Station.Service.TicketItem.description">
            <summary>
            工单描述
            </summary>
        </member>
        <member name="P:App.SersKit.Station.Service.TicketItem.howToHandle">
            <summary>
            工单如何处理
            </summary>
        </member>
        <member name="P:App.SersKit.Station.Service.TicketItem.ssError">
            <summary>
            错误内容
            </summary>
        </member>
        <member name="P:App.SersKit.Station.Service.TicketItem.content">
            <summary>
            json 记录错误内容
            </summary>
        </member>
        <member name="P:App.SersKit.Station.Service.TicketItem.extData">
            <summary>
            
            </summary>
        </member>
    </members>
</doc>
