<?xml version="1.0"?>
<doc>
    <assembly>
        <name>Vit.Core</name>
    </assembly>
    <members>
        <member name="T:Vit.Extensions.IEnumerableExtensions">
            <summary>
             
            </summary>
        </member>
        <member name="M:Vit.Extensions.IEnumerableExtensions.IEnumerable_ForEach``1(System.Collections.Generic.IEnumerable{``0},System.Action{``0})">
            <summary>
            
            </summary>
            <typeparam name="T"></typeparam>
            <param name="data"></param>
            <param name="action"></param>
        </member>
        <member name="M:Vit.Extensions.IEnumerableExtensions.IEnumerable_ForEachAsync``1(System.Collections.Generic.IEnumerable{``0},System.Func{``0,System.Threading.Tasks.Task})">
            <summary>
            
            </summary>
            <typeparam name="T"></typeparam>
            <param name="data"></param>
            <param name="action"></param>
        </member>
        <member name="M:Vit.Extensions.IEnumerableExtensions.IEnumerable_ToList``1(System.Collections.IEnumerable)">
            <summary>
            
            </summary>
            <typeparam name="T"></typeparam>
            <param name="data"></param>
            <returns></returns>
        </member>
        <member name="M:Vit.Extensions.IEnumerableExtensions.IEnumerable_ToList``1(System.Collections.Generic.IEnumerable{``0})">
            <summary>
            
            </summary>
            <typeparam name="T"></typeparam>
            <param name="data"></param>
            <returns></returns>
        </member>
        <member name="T:Vit.Extensions.IEnumeratorExtensions">
            <summary>
             
            </summary>
        </member>
        <member name="M:Vit.Extensions.IEnumeratorExtensions.IEnumerator_ToList``1(System.Collections.IEnumerator)">
            <summary>
            
            </summary>
            <typeparam name="T"></typeparam>
            <param name="data"></param>
            <returns></returns>
        </member>
        <member name="M:Vit.Extensions.IEnumeratorExtensions.IEnumerator_ToList``1(System.Collections.Generic.IEnumerator{``0})">
            <summary>
            
            </summary>
            <typeparam name="T"></typeparam>
            <param name="data"></param>
            <returns></returns>
        </member>
        <member name="M:Vit.Extensions.EnumExtensions.StringToEnum(System.String,System.Type)">
            <summary>
            enumType must be Enum, can be Nullable
            </summary>
            <param name="data"></param>
            <param name="enumType"></param>
            <returns></returns>
        </member>
        <member name="M:Vit.Extensions.EnumExtensions.StringToEnum``1(System.String)">
            <summary>
            T must be Enum, can be Nullable
            </summary>
            <typeparam name="T"></typeparam>
            <param name="data"></param>
            <returns></returns>
        </member>
        <member name="M:Vit.Extensions.IDictionaryExtensions.IDictionaryTryAdd``2(System.Collections.Generic.IDictionary{``0,``1},``0,``1)">
            <summary>
            
            </summary>
            <typeparam name="TKey"></typeparam>
            <typeparam name="TValue"></typeparam>
            <param name="data"></param>
            <param name="key"></param>
            <param name="value"></param>
            <returns></returns>
        </member>
        <member name="M:Vit.Extensions.JArrayExtensions.ToArray(Newtonsoft.Json.Linq.JToken,System.Int64,System.Int64)">
            <summary>
            (注：若jArray不为 JArray类型 则 返回null)
            </summary>
            <param name="jArray"></param>
            <param name="extCount">数组额外长度</param>
            <param name="destinationIndex">开始赋值的位置偏移量，从0开始</param>
            <returns></returns>
        </member>
        <member name="M:Vit.Extensions.JArrayExtensions.ToArray``1(Newtonsoft.Json.Linq.JToken,System.Int64,System.Int64)">
            <summary>
            (注：若jArray不为 JArray类型 则 返回null)
            </summary>
            <param name="jArray"></param>
            <param name="extCount">数组额外长度</param>
            <param name="destinationIndex">开始赋值的位置偏移量，从0开始</param>
            <returns></returns>
        </member>
        <member name="M:Vit.Extensions.JTokenDeserializeExtensions.DeserializeByString(Newtonsoft.Json.Linq.JToken,System.Type)">
            <summary>
            反序列化（token亦可为值类型,如 int、bool、string）
            (先转换为string,再反序列化)
            </summary>
            <param name="token"></param>
            <param name="type"></param>
            <returns></returns>
        </member>
        <member name="M:Vit.Extensions.JTokenDeserializeExtensions.DeserializeByString``1(Newtonsoft.Json.Linq.JToken)">
            <summary>
            反序列化（token亦可为值类型,如 int、bool、string）
            (先转换为string,再反序列化)
            </summary>
            <typeparam name="T"></typeparam>
            <param name="token"></param>
            <returns></returns>
        </member>
        <member name="M:Vit.Extensions.JTokenDeserializeExtensions.Deserialize(Newtonsoft.Json.Linq.JToken,System.Type)">
            <summary>
            反序列化（token亦可为值类型,如 int、bool、string）
            </summary>
            <param name="token"></param>
            <param name="type"></param>
            <returns></returns>
        </member>
        <member name="M:Vit.Extensions.JTokenDeserializeExtensions.DeserializeStruct(Newtonsoft.Json.Linq.JToken,System.Type)">
            <summary>
            
            </summary> 
            <param name="token"></param>
            <param name="type">必须为struct或String</param>
            <returns></returns>
        </member>
        <member name="M:Vit.Extensions.JTokenDeserializeExtensions.DeserializeClass(Newtonsoft.Json.Linq.JToken,System.Type)">
            <summary>
            
            </summary>
            <param name="token"></param>
            <param name="type">必须为class</param>
            <returns></returns>
        </member>
        <member name="M:Vit.Extensions.JTokenDeserializeExtensions.Deserialize``1(Newtonsoft.Json.Linq.JToken)">
            <summary>
            反序列化（token亦可为值类型,如 int、bool、string）
            </summary>
            <typeparam name="T"></typeparam>
            <param name="token"></param>
            <returns></returns>
        </member>
        <member name="M:Vit.Extensions.JTokenExtensions.ValueSetByPath(Newtonsoft.Json.Linq.JToken,System.Object,System.Object[])">
            <summary>
            
            </summary>
            <param name="data"></param>
            <param name="value"></param>
            <param name="path">value在data中的路径，可不指定。例如：new []{"taskList"}</param>
        </member>
        <member name="M:Vit.Extensions.JTokenExtensions.JTokenGetByPath(Newtonsoft.Json.Linq.JToken,System.Object[])">
            <summary>
            
            </summary>
            <param name="data"></param>
            <param name="path">value在data中的路径，可不指定。例如：new []{"taskList"}</param>
            <returns></returns>
        </member>
        <member name="M:Vit.Extensions.JTokenExtensions.StringGetByPath(Newtonsoft.Json.Linq.JToken,System.Object[])">
            <summary>
            
            </summary>
            <param name="data"></param>
            <param name="path">value在data中的路径，可不指定。例如：new []{"taskList"}</param>
            <returns></returns>
        </member>
        <member name="M:Vit.Extensions.JTokenExtensions.ToJToken(System.Object)">
            <summary>
            若为JToken类型，则直接返回。若为Object,则返回序列化再反序列化后的JToken(为 JObject 或 JArray)。否则return new JValue(value)。
            value必须为值类型或者 JToken类型
            </summary>
            <param name="value"></param>
            <returns></returns>
        </member>
        <member name="M:Vit.Extensions.JTokenExtensions.IsNull(Newtonsoft.Json.Linq.JToken)">
            <summary>
            是否为 null 或者 类型为JTokenType.Null
            </summary>
            <param name="v"></param>
            <returns></returns>
        </member>
        <member name="M:Vit.Extensions.JTokenExtensions.IsJObject(Newtonsoft.Json.Linq.JToken)">
            <summary>
            是否为 JObject
            </summary>
            <param name="v"></param>
            <returns></returns>
        </member>
        <member name="M:Vit.Extensions.JTokenExtensions.IsJArray(Newtonsoft.Json.Linq.JToken)">
            <summary>
            是否为 JArray
            </summary>
            <param name="v"></param>
            <returns></returns>
        </member>
        <member name="M:Vit.Extensions.JTokenExtensions.GetValue(Newtonsoft.Json.Linq.JToken)">
            <summary>
            返回具体的值。（若t为null则返回null）
            例如 若为 double 则返回其double值
            （JArray、bool、byte[]、DateTime、double、long、JObject、String）
            注：JTokenType.Comment 类型会返回 其 t.ToString()
            其他返回null（JTokenType.None、JTokenType.Null、JTokenType.Undefined 等）。
            </summary>
            <param name="t"></param>
            <returns></returns>
        </member>
        <member name="M:Vit.Extensions.JTokenExtensions.ConvertToString(Newtonsoft.Json.Linq.JToken)">
            <summary>
            转换为String
            <para>和JToken.ToString不同的是，会处理空值；若JToken为String类型，函数返回值不带双引号</para>
            </summary>
            <param name="token"></param>
            <returns></returns>
        </member>
        <member name="M:Vit.Extensions.JTokenExtensions.TryParse(Newtonsoft.Json.Linq.JToken,Newtonsoft.Json.Linq.JObject@)">
            <summary>
             
            </summary>
            <param name="token"></param>
            <param name="value"></param>
            <returns></returns>
        </member>
        <member name="M:Vit.Extensions.JTokenExtensions.TryParse(Newtonsoft.Json.Linq.JToken,Newtonsoft.Json.Linq.JArray@)">
            <summary>
             
            </summary>
            <param name="token"></param>
            <param name="value"></param>
            <returns></returns>
        </member>
        <member name="M:Vit.Extensions.JTokenExtensions.TryParseIgnore(Newtonsoft.Json.Linq.JToken,System.Boolean@)">
            <summary>
             当为 String（必须为true 、 false、True 、False） 时 转换。
            </summary>
            <param name="token"></param>
            <param name="value"></param>
            <returns></returns>
        </member>
        <member name="M:Vit.Extensions.JTokenExtensions.TryParseIgnore(Newtonsoft.Json.Linq.JToken,System.Int32@)">
            <summary>
             当为 String（必须为数值） double long 类型时 转换。
            </summary>
            <param name="token"></param>
            <param name="value"></param>
            <returns></returns>
        </member>
        <member name="M:Vit.Extensions.JTokenExtensions.TryParseIgnore(Newtonsoft.Json.Linq.JToken,System.Int64@)">
            <summary>
             当为 String（必须为数值） double long 类型时 转换。
            </summary>
            <param name="token"></param>
            <param name="value"></param>
            <returns></returns>
        </member>
        <member name="M:Vit.Extensions.JTokenExtensions.TryParseIgnore(Newtonsoft.Json.Linq.JToken,System.Double@)">
            <summary>
             当为 String（必须为数值） double long 类型时 转换。
            </summary>
            <param name="token"></param>
            <param name="value"></param>
            <returns></returns>
        </member>
        <member name="M:Vit.Extensions.JTokenExtensions.TryParseIgnore(Newtonsoft.Json.Linq.JToken,System.DateTime@)">
            <summary>
            当为 String（必须为DateTime）时 亦转换。
            </summary>
            <param name="token"></param>
            <param name="value"></param>
            <returns></returns>
        </member>
        <member name="M:Vit.Extensions.JTokenExtensions.EqualIgnore(Newtonsoft.Json.Linq.JToken,System.Boolean)">
            <summary>
            若不为Boolean型，则先转换（若可以转换），再比较
            </summary>
            <param name="token"></param>
            <param name="value"></param>
            <returns></returns>
        </member>
        <member name="M:Vit.Extensions.JTokenExtensions.EqualIgnore(Newtonsoft.Json.Linq.JToken,System.Int64)">
            <summary>
            若不为long型，则先转换（若可以转换），再比较
            </summary>
            <param name="token"></param>
            <param name="value"></param>
            <returns></returns>
        </member>
        <member name="M:Vit.Extensions.JTokenExtensions.EqualIgnore(Newtonsoft.Json.Linq.JToken,System.String)">
            <summary>
            若不为字符串，则先转换为字符串再进行比较
            </summary>
            <param name="token"></param>
            <param name="value"></param>
            <returns></returns>
        </member>
        <member name="M:Vit.Extensions.ObjectExt.ObjectExtExtensions.GetField``1(System.Object,System.String)">
            <summary>
            获得字段的值(包含私有)
            </summary>
            <typeparam name="T">返回类型</typeparam>
            <param name="instance">扩展对象类型</param>
            <param name="fieldName">私有字段名称 string</param>
            <returns>私有字段值 T</returns>
        </member>
        <member name="M:Vit.Extensions.ObjectExt.ObjectExtExtensions.SetField(System.Object,System.String,System.Object)">
            <summary>
            设置字段的值(包含私有)
            </summary>
            <param name="instance"></param>
            <param name="fieldname">字段名称 string</param>
            <param name="value">私有字段新值 object</param>
        </member>
        <member name="M:Vit.Extensions.ObjectExt.ObjectExtExtensions.GetProperty(System.Object,System.String)">
            <summary>
            获取属性的值(包含私有)
            </summary>
            <param name="instance"></param>
            <param name="propertyName">属性名称 string</param>
            <returns>私有字段值 T</returns>
        </member>
        <member name="M:Vit.Extensions.ObjectExt.ObjectExtExtensions.GetProperty``1(System.Object,System.String)">
            <summary>
            获取属性的值(包含私有)
            </summary>
            <typeparam name="T">返回类型</typeparam>
            <param name="instance"></param>
            <param name="propertyName">属性名称 string</param>
            <returns>私有字段值 T</returns>
        </member>
        <member name="M:Vit.Extensions.ObjectExt.ObjectExtExtensions.SetProperty(System.Object,System.String,System.Object)">
            <summary>
            设置属性的值(包含私有)
            </summary>
            <param name="instance"></param>
            <param name="propertyName">属性名称</param>
            <param name="value"></param>
        </member>
        <member name="M:Vit.Extensions.ObjectExt.ObjectExtExtensions.CallMethod``1(System.Object,System.String,System.Object[])">
            <summary>
            调用方法(包含私有)
            </summary>
            <typeparam name="T">返回类型</typeparam>
            <param name="instance"></param>
            <param name="methodName">方法名称</param>
            <param name="param">参数列表</param>
            <returns>调用方法返回值</returns>
        </member>
        <member name="M:Vit.Extensions.ObjectExt.Object_Clone_Extensions.CloneProrertyFrom``1(``0,``0)">
            <summary>
            通过反射复制对象的同名属性
            </summary>
            <typeparam name="T"></typeparam>
            <param name="data"></param>
            <param name="res"></param>
            <returns></returns>
        </member>
        <member name="M:Vit.Extensions.ObjectExt.Object_Clone_Extensions.CloneNotNullProrertyFrom``1(``0,``0)">
            <summary>
            通过反射复制对象的非空同名属性
            </summary>
            <typeparam name="T"></typeparam>
            <param name="data"></param>
            <param name="res"></param>
            <returns></returns>
        </member>
        <member name="M:Vit.Extensions.ObjectExt.Object_Copy_Extensions.CopyProrertyFrom``1(``0,System.Object)">
            <summary>
            通过反射复制对象的同名属性
            </summary>
            <typeparam name="T"></typeparam>
            <param name="data"></param>
            <param name="res"></param>
            <returns></returns>
        </member>
        <member name="M:Vit.Extensions.ObjectExt.Object_Copy_Extensions.CopyNotNullProrertyFrom``1(``0,System.Object)">
            <summary>
            通过反射复制对象的非空同名属性
            </summary>
            <typeparam name="T"></typeparam>
            <param name="data"></param>
            <param name="res"></param>
            <returns></returns>
        </member>
        <member name="M:Vit.Extensions.ObjectExtensions.IsValueTypeOrStringType(System.Object)">
            <summary>
            Gets a value indicating whether the data is a value type or string type
            </summary>
            <param name="data"></param>
            <returns></returns>
        </member>
        <member name="M:Vit.Extensions.ObjectExtensions.Convert``1(System.Object)">
            <summary>
            若Type为Nullable类型（例如 long?）则转换为对应的值类型(例如long)，否则直接转换。（亦可为Enum类型）
            若转换失败，会返回default(T)
            </summary>
            <typeparam name="T"></typeparam>
            <param name="value"></param>
            <returns></returns>
        </member>
        <member name="M:Vit.Extensions.ObjectExtensions.Convert(System.Object,System.Type)">
            <summary>
            若为Nullable类型（例如 long?）则转换为对应的值类型(例如long)，否则直接转换。（亦可为Enum类型）
            </summary>
            <param name="type"></param>
            <param name="value"></param>
            <returns></returns>
        </member>
        <member name="M:Vit.Extensions.StringExtensions.StringJoin(System.Collections.Generic.IEnumerable{System.String},System.String)">
            <summary>
             Concatenates the members of a constructed System.Collections.Generic.IEnumerable`1 collection of type System.String, using the specified separator between each member.
            </summary>
            <param name="data"></param>
            <param name="separator"></param>
            <returns></returns>
        </member>
        <member name="M:Vit.Extensions.TimeStamp_Extensions.ToTimeStamp(System.DateTime,System.Boolean)">
            <summary>
            
            </summary>
            <param name="time"></param>
            <param name="AccurateToMilliseconds">是否精确到毫秒</param>
            <returns>返回一个长整数时间戳</returns>
        </member>
        <member name="M:Vit.Extensions.TimeStamp_Extensions.TimeStampToDateTime(System.Int64,System.Boolean)">
            <summary>
            时间戳转换为时间
            </summary>
            <param name="TimeStamp">时间戳</param>
            <param name="AccurateToMilliseconds">是否精确到毫秒</param>
            <returns>返回一个日期时间</returns>
        </member>
        <member name="F:Vit.Extensions.TimeStamp_Extensions.startTime">
            <summary>
            时间戳的起始时间
            </summary>
        </member>
        <member name="M:Vit.Extensions.TimeStamp_Extensions.TimeStampToLocalDateTime(System.Int64,System.Boolean)">
            <summary>
            时间戳转换为时间(使用本地时区)
            </summary>
            <param name="TimeStamp">时间戳</param>
            <param name="AccurateToMilliseconds">是否精确到毫秒</param>
            <returns>返回一个日期时间</returns>
        </member>
        <member name="F:Vit.Extensions.TimeStamp_Extensions.startTimeLocal">
            <summary>
            时间戳的起始时间(使用本地时区)
            </summary>
        </member>
        <member name="M:Vit.Extensions.TypeExtensions.IsStringType(System.Type)">
            <summary>
            Gets a value indicating whether the <see cref="T:System.Type"></see> is  string type
            </summary>
            <param name="type"></param>
            <returns></returns>
        </member>
        <member name="M:Vit.Extensions.TypeExtensions.TypeIsValueTypeOrStringType(System.Type)">
            <summary>
            Gets a value indicating whether the <see cref="T:System.Type"></see> is a value type or string type
            </summary>
            <param name="type"></param>
            <returns></returns>
        </member>
        <member name="M:Vit.Extensions.TypeExtensions.IsNullable(System.Type)">
            <summary>
            是否为Nullable类型（例如 long?）
            </summary>
            <param name="type"></param>
            <returns></returns>
        </member>
        <member name="M:Vit.Extensions.TypeExtensions.GetUnderlyingTypeIfNullable(System.Type)">
            <summary>
            若为Nullable类型（例如 long?）则获取对应的值类型(例如long)，否则返回自身。
            </summary>
            <param name="type"></param>
            <returns></returns>
        </member>
        <member name="M:Vit.Extensions.TypeExtensions.DefaultValue(System.Type)">
            <summary>
            功能类似 default(T)
            </summary>
            <param name="type"></param>
            <returns></returns>
        </member>
        <member name="M:Vit.Extensions.ObjectSerializeExtensions.Serialize(System.Object)">
            <summary>
            使用Newtonsoft序列化。
            value 可为 struct(int bool string 等) 或者 class（模型 Array JObject等）
            </summary>
            <param name="value"></param>
            <returns></returns>
        </member>
        <member name="M:Vit.Extensions.ObjectSerializeExtensions.Deserialize(System.String,System.Type)">
            <summary>
            使用Newtonsoft反序列化。T也可为值类型（例如 int?、bool） 
            </summary>
            <param name="value"></param>
            <param name="type"></param>
            <returns></returns>
        </member>
        <member name="M:Vit.Extensions.ObjectSerializeExtensions.Deserialize``1(System.String)">
            <summary>
            使用Newtonsoft反序列化。T也可为值类型（例如 int?、bool） 
            </summary>
            <typeparam name="T"></typeparam>
            <param name="value"></param>
            <returns></returns>
        </member>
        <member name="M:Vit.Extensions.ObjectSerializeExtensions.SerializeToBytes(System.Object)">
            <summary>
            
            </summary>
            <param name="value"></param>
            <returns></returns>
        </member>
        <member name="M:Vit.Extensions.ObjectSerializeExtensions.DeserializeFromBytes``1(System.Byte[])">
            <summary>
            
            </summary>
            <typeparam name="T"></typeparam>
            <param name="value"></param>
            <returns></returns>
        </member>
        <member name="M:Vit.Extensions.ObjectSerializeExtensions.DeserializeFromBytes(System.Byte[],System.Type)">
            <summary>
            
            </summary>
            <param name="value"></param>
            <param name="type"></param>
            <returns></returns>
        </member>
        <member name="M:Vit.Extensions.ObjectSerializeExtensions.SerializeToArraySegmentByte(System.Object)">
            <summary>
            
            </summary>
            <param name="value"></param>
            <returns></returns>
        </member>
        <member name="M:Vit.Extensions.ObjectSerializeExtensions.DeserializeFromArraySegmentByte``1(System.ArraySegment{System.Byte})">
            <summary>
            
            </summary>
            <typeparam name="T"></typeparam>
            <param name="value"></param>
            <returns></returns>
        </member>
        <member name="M:Vit.Extensions.ObjectSerializeExtensions.DeserializeFromArraySegmentByte(System.ArraySegment{System.Byte},System.Type)">
            <summary>
            
            </summary>
            <param name="value"></param>
            <param name="type"></param>
            <returns></returns>
        </member>
        <member name="M:Vit.Extensions.ObjectSerializeExtensions.ConvertBySerialize(System.Object,System.Type)">
            <summary>
            通过序列化克隆对象
            </summary>
            <param name="value"></param>
            <param name="type"></param>
            <returns></returns>
        </member>
        <member name="M:Vit.Extensions.ObjectSerializeExtensions.ConvertBySerialize``1(System.Object)">
            <summary>
            通过序列化克隆对象
            </summary>
            <typeparam name="TTarget"></typeparam>
            <param name="value"></param>
            <returns></returns>
        </member>
        <member name="M:Vit.Extensions.Exception_Extensions.Data_Set``1(System.Exception,System.String,``0)">
            <summary>
            SsError
            </summary>
            <typeparam name="Type"></typeparam>
            <param name="ex"></param>
            <param name="key"></param>
            <param name="data"></param>
        </member>
        <member name="M:Vit.Extensions.Exception_Extensions.Data_Get``1(System.Exception,System.String)">
            <summary>
            SsError
            </summary>
            <typeparam name="Type"></typeparam>
            <param name="ex"></param>
            <param name="key"></param>
            <returns></returns>
        </member>
        <member name="M:Vit.Extensions.Exception_Extensions.ErrorCode_Set(System.Exception,System.Nullable{System.Int32})">
            <summary>
            SsError
            </summary>
            <param name="ex"></param>
            <param name="ErrorCode"></param>
            <returns></returns>
        </member>
        <member name="M:Vit.Extensions.Exception_Extensions.ErrorCode_Get(System.Exception)">
            <summary>
            SsError
            </summary>
            <param name="ex"></param>
            <returns></returns>
        </member>
        <member name="M:Vit.Extensions.Exception_Extensions.ErrorMessage_Set(System.Exception,System.String)">
            <summary>
            SsError
            </summary>
            <param name="ex"></param>
            <param name="ErrorMessage"></param>
            <returns></returns>
        </member>
        <member name="M:Vit.Extensions.Exception_Extensions.ErrorTag_Set(System.Exception,System.String)">
            <summary>
            SsError。自定义ErrorTag。每处ErrorTag建议唯一。建议格式为 日期_作者缩写_自定义序号，例如："150721_lith_1"
            </summary>
            <param name="ex"></param>
            <param name="ErrorTag"></param>
        </member>
        <member name="M:Vit.Extensions.Exception_Extensions.ErrorTag_Get(System.Exception)">
            <summary>
            SsError。自定义ErrorTag。每处ErrorTag建议唯一。建议格式为 日期_作者缩写_自定义序号，例如："150721_lith_1"
            </summary>
            <param name="ex"></param>
            <returns></returns>
        </member>
        <member name="M:Vit.Extensions.Exception_Extensions.ErrorDetail_Set``1(System.Exception,``0)">
            <summary>
            SsError。设置ErrorDetail
            </summary>
            <param name="ex"></param>
            <param name="ErrorDetail"></param>
        </member>
        <member name="M:Vit.Extensions.Exception_Extensions.ErrorDetail_Get``1(System.Exception)">
            <summary>
            SsError。获取ErrorDetail，可能为null
            </summary>
            <param name="ex"></param>
            <returns></returns>
        </member>
        <member name="M:Vit.Extensions.Exception_Extensions.ErrorDetail_Get(System.Exception)">
            <summary>
            SsError。获取ErrorDetail，可能为null
            </summary>
            <param name="ex"></param>
            <returns></returns>
        </member>
        <member name="T:Vit.Core.Module.Log.Level">
            <summary>
            FATAL > ERROR > WARN > INFO > DEBUG 
            </summary>
        </member>
        <member name="F:Vit.Core.Module.Log.LogCollector.ElasticSearch.Client.ElasticSearchClient.bulkUrl">
            <summary>
            http://192.168.20.20:9200/dev/info/_bulk
            </summary>
        </member>
        <member name="F:Vit.Core.Module.Log.LogCollector.ElasticSearch.Client.ElasticSearchClient.url">
            <summary>
            es address, example:"http://192.168.20.20:9200"
            </summary>
        </member>
        <member name="F:Vit.Core.Module.Log.LogCollector.ElasticSearch.Client.ElasticSearchClient.index">
            <summary>
            es index, example:"dev"
            </summary>
        </member>
        <member name="F:Vit.Core.Module.Log.LogCollector.ElasticSearch.Client.ElasticSearchClient.type">
            <summary>
            es type, example:"_doc"
            </summary>
        </member>
        <member name="F:Vit.Core.Module.Log.LogCollector.ElasticSearch.Client.ElasticSearchClient.intervalMs">
            <summary>
            若指定则在指定时间间隔统一推送数据，若不指定则立即推送。单位:ms
            </summary>
        </member>
        <member name="F:Vit.Core.Module.Log.LogCollector.Splunk.Client.SplunkClient.url">
            <summary>
            接口地址，如 "http://192.168.20.20:8088/services/collector"
            </summary>
        </member>
        <member name="F:Vit.Core.Module.Log.LogCollector.Splunk.Client.SplunkClient.intervalMs">
            <summary>
            若指定则在指定时间间隔统一推送数据，若不指定则立即推送。单位:ms
            </summary>
        </member>
        <member name="F:Vit.Core.Module.Log.LogCollector.Splunk.Client.SplunkClient.AUTH_SCHEME">
            <summary>
            默认 "Splunk"
            </summary>
        </member>
        <member name="F:Vit.Core.Module.Log.LogCollector.Splunk.Client.SplunkClient.SPLUNK_REQUEST_CHANNEL">
            <summary>
            默认 "X-Splunk-Request-Channel"
            </summary>
        </member>
        <member name="P:Vit.Core.Module.Log.LogCollector.TxtCollector.BasePath">
            <summary>
            log的BasePath
            </summary>
        </member>
        <member name="F:Vit.Core.Module.Log.LogCollector.TxtCollector.LogFilePathCache.BasePath">
            <summary>
            /Logs
            </summary>
        </member>
        <member name="T:Vit.Core.Module.Log.Logger">
            <summary>
            FATAL > ERROR > WARN > INFO > DEBUG 
            </summary>
        </member>
        <member name="T:Vit.Core.Module.Log.LogMng">
            <summary>
            FATAL > ERROR > WARN > INFO > DEBUG 
            </summary>
        </member>
        <member name="M:Vit.Core.Module.Log.LogMng.Error(System.Exception)">
            <summary>
            ERROR（一般错误）：记录系统中出现的导致系统不稳定，部分功能出现混乱或部分功能失效一类的错误。例如，数据字段为空，数据操作不可完成，操作出现异常等。
            </summary>
            <param name="ex"></param>
        </member>
        <member name="M:Vit.Core.Module.Log.LogMng.Error(Vit.Core.Util.ComponentModel.SsError.SsError)">
            <summary>
            
            </summary>
            <param name="ssError"></param>
        </member>
        <member name="T:Vit.Core.Module.Serialization.EEncoding">
            <summary>
            序列化字符编码。默认 UTF8。只可为 UTF7,UTF8,UTF32,ASCII,Unicode。
            </summary>
        </member>
        <member name="M:Vit.Core.Module.Serialization.ISerialization.SerializeToString``1(``0)">
            <summary>
            T也可为值类型（例如 int?、bool） 
            </summary>
            <typeparam name="T"></typeparam>
            <param name="value"></param>
            <returns></returns>
        </member>
        <member name="M:Vit.Core.Module.Serialization.ISerialization.SerializeToString(System.Object,System.Type)">
            <summary>
            T也可为值类型（例如 int?、bool） 
            </summary>
            <param name="value"></param>
            <param name="type"></param>
            <returns></returns>
        </member>
        <member name="M:Vit.Core.Module.Serialization.ISerialization.DeserializeFromString``1(System.String)">
            <summary>
            使用Newtonsoft反序列化。T也可为值类型（例如 int?、bool） 
            </summary>
            <param name="value"></param>    
            <returns></returns>
        </member>
        <member name="M:Vit.Core.Module.Serialization.ISerialization.DeserializeFromString(System.String,System.Type)">
            <summary>
            使用Newtonsoft反序列化。T也可为值类型（例如 int?、bool） 
            </summary>
            <param name="value"></param>
            <param name="type"></param>
            <returns></returns>
        </member>
        <member name="M:Vit.Core.Module.Serialization.ISerialization.SerializeToBytes``1(``0)">
            <summary>
            T 可以为   byte[]、string、 object 、struct
            </summary>
            <typeparam name="T"></typeparam>
            <param name="obj"></param>
            <returns></returns>
        </member>
        <member name="M:Vit.Core.Module.Serialization.ISerialization.SerializeToBytes(System.Object,System.Type)">
            <summary>
            type 可以为   byte[]、string、 object 、struct
            </summary>
            <param name="value"></param>
            <param name="type"></param>
            <returns></returns>
        </member>
        <member name="M:Vit.Core.Module.Serialization.ISerialization.DeserializeFromBytes``1(System.Byte[])">
            <summary>
            type 可以为   byte[]、string、 object 、struct
            </summary>
            <typeparam name="T"></typeparam>
            <param name="bytes"></param>
            <returns></returns>
        </member>
        <member name="M:Vit.Core.Module.Serialization.ISerialization.DeserializeFromBytes(System.Byte[],System.Type)">
            <summary>
            type 可以为   byte[]、string、 object 、struct
            </summary>
            <param name="bytes"></param>
            <param name="type"></param>
            <returns></returns>
        </member>
        <member name="M:Vit.Core.Module.Serialization.Json.SerializeToString``1(``0)">
            <summary>
            T也可为值类型（例如 int?、bool） 
            </summary>
            <typeparam name="T"></typeparam>
            <param name="value"></param>
            <returns></returns>
        </member>
        <member name="M:Vit.Core.Module.Serialization.Json.SerializeToString(System.Object,System.Type)">
            <summary>
            T也可为值类型（例如 int?、bool） 
            </summary>
            <param name="value"></param>
            <param name="type"></param>
            <returns></returns>
        </member>
        <member name="M:Vit.Core.Module.Serialization.Json.DeserializeFromString``1(System.String)">
            <summary>
            使用Newtonsoft反序列化。T也可为值类型（例如 int?、bool） 
            </summary>
            <param name="value"></param>    
            <returns></returns>
        </member>
        <member name="M:Vit.Core.Module.Serialization.Json.DeserializeFromString(System.String,System.Type)">
            <summary>
            使用Newtonsoft反序列化。T也可为值类型（例如 int?、bool） 
            </summary>
            <param name="value"></param>
            <param name="type"></param>
            <returns></returns>
        </member>
        <member name="M:Vit.Core.Module.Serialization.Json.SerializeToBytes``1(``0)">
            <summary>
            T 可以为   byte[]、string、 object 、struct
            </summary>
            <typeparam name="T"></typeparam>
            <param name="obj"></param>
            <returns></returns>
        </member>
        <member name="M:Vit.Core.Module.Serialization.Json.SerializeToBytes(System.Object,System.Type)">
            <summary>
            type 可以为   byte[]、string、 object 、struct
            </summary>
            <param name="value"></param>
            <param name="type"></param>
            <returns></returns>
        </member>
        <member name="M:Vit.Core.Module.Serialization.Json.DeserializeFromBytes``1(System.Byte[])">
            <summary>
            type 可以为   byte[]、string、 object 、struct
            </summary>
            <typeparam name="T"></typeparam>
            <param name="bytes"></param>
            <returns></returns>
        </member>
        <member name="M:Vit.Core.Module.Serialization.Json.DeserializeFromBytes(System.Byte[],System.Type)">
            <summary>
            type 可以为   byte[]、string、 object 、struct
            </summary>
            <param name="bytes"></param>
            <param name="type"></param>
            <returns></returns>
        </member>
        <member name="M:Vit.Core.Module.Serialization.Json.SerializeToArraySegmentByte(System.Object)">
            <summary>
            
            </summary>
            <param name="value"></param>
            <returns></returns>
        </member>
        <member name="T:Vit.Core.Module.Serialization.Serialization">
            <summary>
            please use Vit.Core.Module.Serialization.Json instead
            </summary>
        </member>
        <member name="P:Vit.Core.Module.Serialization.Serialization.Instance">
            <summary>
            please use Vit.Core.Module.Serialization.Json.Instance instead
            </summary>
        </member>
        <member name="M:Vit.Core.Module.Serialization.Serialization_Newtonsoft.DeserializeStruct(System.String,System.Type)">
            <summary>
            
            </summary>
            <param name="value"></param>
            <param name="type">必须为 where T : struct</param>
            <returns></returns>
        </member>
        <member name="M:Vit.Core.Module.Serialization.Serialization_Newtonsoft.SerializeToString``1(``0)">
            <summary>
            T也可为值类型（例如 int?、bool） 
            </summary>
            <typeparam name="T"></typeparam>
            <param name="value"></param>
            <returns></returns>
        </member>
        <member name="M:Vit.Core.Module.Serialization.Serialization_Newtonsoft.SerializeToString(System.Object,System.Type)">
            <summary>
            T也可为值类型（例如 int?、bool） 
            </summary>
            <param name="value"></param>
            <param name="type"></param>
            <returns></returns>
        </member>
        <member name="M:Vit.Core.Module.Serialization.Serialization_Newtonsoft.DeserializeFromString``1(System.String)">
            <summary>
            使用Newtonsoft反序列化。T也可为值类型（例如 int?、bool） 
            </summary>
            <param name="value"></param>    
            <returns></returns>
        </member>
        <member name="M:Vit.Core.Module.Serialization.Serialization_Newtonsoft.DeserializeFromString(System.String,System.Type)">
            <summary>
            使用Newtonsoft反序列化。T也可为值类型（例如 int?、bool） 
            </summary>
            <param name="value"></param>
            <param name="type"></param>
            <returns></returns>
        </member>
        <member name="M:Vit.Core.Module.Serialization.Serialization_Newtonsoft.SerializeToBytes``1(``0)">
            <summary>
            T 可以为   byte[]、string、 object 、struct
            </summary>
            <typeparam name="T"></typeparam>
            <param name="obj"></param>
            <returns></returns>
        </member>
        <member name="M:Vit.Core.Module.Serialization.Serialization_Newtonsoft.SerializeToBytes``1(``0,System.Text.Encoding)">
            <summary>
            T 可以为   byte[]、string、 object 、struct
            </summary>
            <typeparam name="T"></typeparam>
            <param name="obj"></param>
            <param name="encoding"></param>
            <returns></returns>
        </member>
        <member name="M:Vit.Core.Module.Serialization.Serialization_Newtonsoft.SerializeToBytes(System.Object,System.Type)">
            <summary>
            type 可以为   byte[]、string、 object 、struct
            </summary>
            <param name="value"></param>
            <param name="type"></param>
            <returns></returns>
        </member>
        <member name="M:Vit.Core.Module.Serialization.Serialization_Newtonsoft.DeserializeFromBytes``1(System.Byte[])">
            <summary>
            type 可以为   byte[]、string、 object 、struct
            </summary>
            <typeparam name="T"></typeparam>
            <param name="bytes"></param>
            <returns></returns>
        </member>
        <member name="M:Vit.Core.Module.Serialization.Serialization_Newtonsoft.DeserializeFromBytes(System.Byte[],System.Type)">
            <summary>
            type 可以为   byte[]、string、 object 、struct
            </summary>
            <param name="bytes"></param>
            <param name="type"></param>
            <returns></returns>
        </member>
        <member name="M:Vit.Core.Module.Serialization.Serialization_Newtonsoft.SerializeToArraySegmentByte(System.Object)">
            <summary>
            obj 可以为   byte[]、string、 object 、ArraySegment    
            </summary>
            <param name="obj"></param>
            <returns></returns>
        </member>
        <member name="M:Vit.Core.Util.Common.CommonHelp.GetAbsPath(System.String[])">
            <summary>            
            <para> 构建绝对路径。                                                                                       </para> 
            <para> path可为相对路径或绝对路径，若为绝对路径则忽略程序当前路径。                                         </para>
            <para> demo: ["Data","Sers","Gover", "Counter.json"],将返回 /root/netapp/xxxx/Data/Sers/Gover/Counter.json  </para>
            <para>   ["/Data","Sers","Gover", "Counter.json"],将返回 /Data/Sers/Gover/Counter.json                      </para>
            <para>   ["D:\Program Files\Counter.json"],将返回 "D:\Program Files\Counter.json"                           </para>
            </summary>
            <param name="path"></param>
            <returns></returns>
        </member>
        <member name="M:Vit.Core.Util.Common.CommonHelp.Random(System.Int32,System.Int32)">
            <summary>
            返回随机数。 the range of return values includes minValue but not maxValue. If minValue equals maxValue, minValue is returned.
            </summary>
            <param name="minValue"></param>
            <param name="maxValue"></param>
            <returns></returns>
        </member>
        <member name="M:Vit.Core.Util.Common.CommonHelp.NewGuid">
            <summary>
            通过系统Guid对象生成guid。如："1f3c6041c68f4ab3ae19f66f541e3209"
            </summary>
            <returns></returns>
        </member>
        <member name="M:Vit.Core.Util.Common.CommonHelp.NewGuidLong">
            <summary>
            通过系统Guid对象生成guid
            </summary>
            <returns></returns>
        </member>
        <member name="M:Vit.Core.Util.Common.CommonHelp.MD5(System.String)">
            <summary>
            MD5加密字符串（32位大写）
            </summary>
            <param name="source">源字符串</param>
            <returns>加密后的字符串</returns>
        </member>
        <member name="M:Vit.Core.Util.Common.CommonHelp.MD5(System.Byte[])">
            <summary>
            MD5加密（32位大写）
            </summary>
            <param name="bytes">源数据</param>
            <returns>加密后的字符串</returns>
        </member>
        <member name="M:Vit.Core.Util.ComponentModel.Data.ApiReturn.#ctor">
            <summary>
            construct with success result
            </summary>
        </member>
        <member name="M:Vit.Core.Util.ComponentModel.Data.ApiReturn.#ctor(System.Nullable{System.Int32},System.String,System.String,System.Object)">
            <summary>
            construct with error result
            </summary>
            <param name="errorCode"></param>
            <param name="errorMessage"></param>
            <param name="errorTag">demo: "150721_lith_1"</param>
            <param name="errorDetail"></param>
        </member>
        <member name="F:Vit.Core.Util.ComponentModel.Data.ApiReturn.success">
            <summary>
            whether success
            </summary>
        </member>
        <member name="F:Vit.Core.Util.ComponentModel.Data.ApiReturn.error">
            <summary>
            error info
            </summary>
        </member>
        <member name="F:Vit.Core.Util.ComponentModel.Data.ApiReturn`1.data">
            <summary>
            data
            </summary>
        </member>
        <member name="F:Vit.Core.Util.ComponentModel.Data.PageData`1.rows">
            <summary>
            rows
            </summary>
        </member>
        <member name="F:Vit.Core.Util.ComponentModel.Data.PageData`1.totalCount">
            <summary>
            totalCount
            </summary>
        </member>
        <member name="F:Vit.Core.Util.ComponentModel.Data.PageInfo.pageSize">
            <summary>
            pageSize
            </summary>
        </member>
        <member name="F:Vit.Core.Util.ComponentModel.Data.PageInfo.pageIndex">
            <summary>
            pageIndex, starting from 1
            </summary>
        </member>
        <member name="F:Vit.Core.Util.ComponentModel.SsError.SsError.Err_NotAllowed">
            <summary>
            401 权限限制(没有权限)( 401 - Unauthorized 访问被拒绝)
            </summary>
        </member>
        <member name="F:Vit.Core.Util.ComponentModel.SsError.SsError.Err_ApiNotExists">
            <summary>
            404 请求的api不存在
            </summary>
        </member>
        <member name="F:Vit.Core.Util.ComponentModel.SsError.SsError.Err_404">
            <summary>
            404 404 Not Found：请求资源不存在
            </summary>
        </member>
        <member name="F:Vit.Core.Util.ComponentModel.SsError.SsError.Err_InvalidParam">
            <summary>
            405 请求参数不合法(405 - Method Not Allowed)
            </summary>
        </member>
        <member name="F:Vit.Core.Util.ComponentModel.SsError.SsError.Err_Timeout">
            <summary>
            408 请求超时
            </summary>
        </member>
        <member name="F:Vit.Core.Util.ComponentModel.SsError.SsError.Err_HandleTimeout">
            <summary>
            408 操作超时被强制中断
            </summary>
        </member>
        <member name="F:Vit.Core.Util.ComponentModel.SsError.SsError.Err_SysErr">
            <summary>
            500 系统出错( 500 - Internal Server Error 服务器遇到了意料不到的情况，不能完成客户的请求。) 
            </summary>
        </member>
        <member name="F:Vit.Core.Util.ComponentModel.SsError.SsError.Err_RateLimit_Refuse">
            <summary>
            503 服务限流限制( 503 - Service Unavailable 服务不可用，服务器由于维护或者负载过重未能应答)
            </summary>
        </member>
        <member name="M:Vit.Core.Util.ComponentModel.SsError.SsError.#ctor(System.Nullable{System.Int32},System.String,System.String,System.Object)">
            <summary>
            
            </summary>
            <param name="errorCode"></param>
            <param name="errorMessage"></param>
            <param name="errorTag">demo: "150721_lith_1"</param>
            <param name="errorDetail"></param>
        </member>
        <member name="P:Vit.Core.Util.ComponentModel.SsError.SsError.errorCode">
            <summary>
            
            </summary>
        </member>
        <member name="P:Vit.Core.Util.ComponentModel.SsError.SsError.errorMessage">
            <summary>
            
            </summary>
        </member>
        <member name="P:Vit.Core.Util.ComponentModel.SsError.SsError.errorTag">
            <summary>
            demo: "150721_lith_1"
            </summary>
        </member>
        <member name="P:Vit.Core.Util.ComponentModel.SsError.SsError.errorDetail">
            <summary>
            errorDetail(json)
            </summary>
        </member>
        <member name="F:Vit.Core.Util.ComponentModel.Query.SortItem.field">
            <summary>
            field name(can be cascaded). demo "parent.id"
            </summary>
        </member>
        <member name="F:Vit.Core.Util.ComponentModel.Query.SortItem.asc">
            <summary>
            whether is order by ascendin
            </summary>
        </member>
        <member name="T:Vit.Core.Util.ComponentModel.Api.SsArgEntityAttribute">
            <summary>
            标识函数第一个参数为Api的参数实体。（忽略其他参数(若存在)，调用函数时其他参数(若存在)为空）
            </summary>
        </member>
        <member name="T:Vit.Core.Util.ComponentModel.Api.SsArgPropertyAttribute">
            <summary>
            标识函数第一个参数为Api的参数实体的属性之一。（一般放置在第一个参数上，代表第一个参数不为参数实体）
            </summary>
        </member>
        <member name="T:Vit.Core.Util.ComponentModel.Api.SsRouteAttribute">
            <summary>
            <para>可同时指定多个。                                                                                     </para>
            <para>若以"/"开始则为绝对路径（忽略SsStationName和SsRoutePrefix，如 /demo/v1/api/1/route/3）               </para>
            <para>若以"/*"结尾则代表泛接口，可处理所有路由前缀相同的请求，如 1/route/4/* 会处理请求 1/route/4/a.html   </para>
            <para>demo "api/1/route/3"                                                                                 </para>
            </summary>
        </member>
        <member name="P:Vit.Core.Util.ComponentModel.Api.SsRouteAttribute.Value">
            <summary>
            demo "fold1/fold2"
            </summary>
        </member>
        <member name="P:Vit.Core.Util.ComponentModel.Api.SsRouteAttribute.HttpMethod">
            <summary>
            demo: GET、POST、DELETE、PUT ......
            </summary>
        </member>
        <member name="M:Vit.Core.Util.ComponentModel.Api.SsRouteAttribute.#ctor(System.String)">
            <summary>
            demo "fold1/fold2"
            </summary>
            <param name="Value"></param>
        </member>
        <member name="T:Vit.Core.Util.ComponentModel.Api.SsRoutePrefixAttribute">
            <summary>
            路由前缀,例如："demo/v1"
            </summary>
        </member>
        <member name="P:Vit.Core.Util.ComponentModel.Api.SsRoutePrefixAttribute.Value">
            <summary>
            
            </summary>
        </member>
        <member name="T:Vit.Core.Util.ComponentModel.Api.SsStationNameAttribute">
            <summary>
            站点名称。例如："AuthCenter"
            </summary>
        </member>
        <member name="P:Vit.Core.Util.ComponentModel.Api.SsStationNameAttribute.Value">
            <summary>
            
            </summary>
        </member>
        <member name="T:Vit.Core.Util.ComponentModel.Model.SsDefaultValueAttribute">
            <summary>
            default value
            </summary>
        </member>
        <member name="T:Vit.Core.Util.ComponentModel.Model.SsDescriptionAttribute">
            <summary>
            description
            </summary>
        </member>
        <member name="T:Vit.Core.Util.ComponentModel.Model.SsExampleAttribute">
            <summary>
            example
            </summary>
        </member>
        <member name="T:Vit.Core.Util.ComponentModel.Model.SsNameAttribute">
            <summary>
            name
            </summary> 
        </member>
        <member name="P:Vit.Core.Util.ComponentModel.Model.SsNameAttribute.Value">
            <summary>
            name
            </summary>
        </member>
        <member name="T:Vit.Core.Util.ComponentModel.Model.SsTypeAttribute">
            <summary>
            specified type
            </summary>
        </member>
        <member name="P:Vit.Core.Util.ComponentModel.Model.SsTypeAttribute.Value">
            <summary>
            
            </summary>
        </member>
        <member name="P:Vit.Core.Util.ConfigurationManager.Appsettings.json">
            <summary>
            get config from appsettings.json
            </summary>
        </member>
        <member name="M:Vit.Core.Util.ConfigurationManager.JsonFile.SetToFile(System.Object,System.String[],System.String[])">
            <summary>
            
            </summary>
            <param name="value">要保存的数据</param>
            <param name="filePath">json文件路径，例如：new []{"Data", "App.Robot.json"}</param>
            <param name="valueKeys">value在json文件中的json路径，可为null。例如：new []{"taskList"}</param>
        </member>
        <member name="M:Vit.Core.Util.ConfigurationManager.JsonFile.GetFromFile``1(System.String[],System.String[])">
            <summary>
            若失败则返回空
            </summary>
            <typeparam name="T"></typeparam>
            <param name="filePath">json文件路径，例如：new []{"Data", "App.Robot.json"}</param>
            <param name="valueKeys">value在json文件中的json路径，可为null。例如：new []{"taskList"}</param>
            <returns></returns>
        </member>
        <member name="M:Vit.Core.Util.ConfigurationManager.JsonFile.#ctor(System.String)">
            <summary>
            通过绝对路径(或相对路径)加载json文件
            </summary>
            <param name="configPath"></param>
        </member>
        <member name="M:Vit.Core.Util.ConfigurationManager.JsonFile.#ctor(System.String[])">
            <summary>
            通过相对路径加载json文件
            </summary>
            <param name="path">如： new []{"Data","sqler.json"}</param>
        </member>
        <member name="M:Vit.Core.Util.ConfigurationManager.JsonFile.RefreshConfiguration">
            <summary>
            手动刷新配置，修改配置后，请手动调用此方法，以便更新配置参数
            </summary>
        </member>
        <member name="M:Vit.Core.Util.ConfigurationManager.JsonFile.SaveToFile">
            <summary>
            保存到原始json文件
            </summary>
        </member>
        <member name="M:Vit.Core.Util.ConfigurationManager.JsonFile.Get``1(System.Object[])">
            <summary>
            
            </summary>
            <typeparam name="T"></typeparam>
            <param name="keys">value在Root中的json路径，可为null。例如：new []{"taskList",0,"name"}</param>
            <returns></returns>
        </member>
        <member name="M:Vit.Core.Util.ConfigurationManager.JsonFile.GetByPath``1(System.String)">
            <summary>
            
            </summary>
            <typeparam name="T"></typeparam>
            <param name="path">value在Root中的json路径，可为null。例如："a.b.c"</param>
            <returns></returns>
        </member>
        <member name="M:Vit.Core.Util.ConfigurationManager.JsonFile.Set(System.Object,System.Object[])">
            <summary>
            会自动保存到原始json文件
            </summary>
            <param name="value"></param>
            <param name="keys">value在Root中的json路径，可为null。例如：new []{"taskList",0,"name"}</param>
        </member>
        <member name="M:Vit.Core.Util.ConfigurationManager.JsonFile.SetByPath(System.Object,System.String)">
            <summary>
            会自动保存到原始json文件
            </summary>
            <param name="value"></param>
            <param name="path">value在Root中的json路径，可为null。例如："a.b.c"</param>
        </member>
        <member name="T:Vit.Core.Util.ConfigurationManager.ConfigurationManager">
            <summary>
            please use Vit.Core.Util.ConfigurationManager.Appsetting instead
            </summary>
        </member>
        <member name="P:Vit.Core.Util.ConfigurationManager.ConfigurationManager.Instance">
            <summary>
            please use Vit.Core.Util.ConfigurationManager.Appsetting.json instead
            </summary>
        </member>
        <member name="T:Vit.Core.Util.Dynamic.DynamicMethodExecutor">
            <summary>
             参考 https://blog.csdn.net/chuifuhuo6864/article/details/100879510
            </summary>
        </member>
        <member name="T:Vit.Core.Util.Extensible.Extensible">
            <summary>
            可动态扩展属性，但是序列化时不处理动态扩展属性
            </summary>
        </member>
        <member name="M:Vit.Core.Util.Extensible.Extensible.SetData``1(System.String,``0)">
            <summary>
            Extensible
            </summary>
            <typeparam name="T"></typeparam>
            <param name="key"></param>
            <param name="value"></param>
        </member>
        <member name="M:Vit.Core.Util.Extensible.Extensible.GetData``1(System.String)">
            <summary>
            Extensible。若类型不匹配，则返回默认值（default(T)）
            </summary>
            <typeparam name="T"></typeparam>
            <param name="key"></param>
            <returns></returns>
        </member>
        <member name="M:Vit.Core.Util.Extensible.Extensible.GetDataByConvert``1(System.String)">
            <summary>
            Extensible。若类型不匹配，则通过Convert转换。若转换不通过，则返回默认值（default(T)）
            </summary>
            <typeparam name="T"></typeparam>
            <param name="key"></param>
            <returns></returns>
        </member>
        <member name="M:Vit.Core.Util.Extensible.Extensible.GetDataBySerialize``1(System.String)">
            <summary>
            Extensible。若类型不匹配，则通过Serialize转换。若转换不通过，则返回默认值（default(T)）
            </summary>
            <typeparam name="T"></typeparam>
            <param name="key"></param>
            <returns></returns>
        </member>
        <member name="M:Vit.Core.Util.Guid.FastGuid.GetTimestamp">
            <summary>
            生成当前时间戳
            </summary>
            <returns>毫秒</returns>
        </member>
        <member name="M:Vit.Core.Util.Guid.FastGuid.GetGuid">
            <summary>
            获取长整形的ID
            </summary>
            <returns></returns>
        </member>
        <member name="T:Vit.Core.Util.Guid.Snowflake">
            <summary>
            动态生产有规律的ID Snowflake算法是Twitter的工程师为实现递增而不重复的ID实现的
            http://blog.csdn.net/w200221626/article/details/52064976
            C# 实现 Snowflake算法 
            </summary>
        </member>
        <member name="M:Vit.Core.Util.Guid.Snowflake.SetMachineId(System.Int64)">
            <summary>
            5位(0~31)
            </summary>
            <param name="machineId"></param>
        </member>
        <member name="M:Vit.Core.Util.Guid.Snowflake.SetDatacenterId(System.Int64)">
            <summary>
            5位(0~31)
            </summary>
            <param name="datacenterId"></param>
        </member>
        <member name="M:Vit.Core.Util.Guid.Snowflake.GetTimestamp">
            <summary>
            生成当前时间戳
            </summary>
            <returns>毫秒</returns>
        </member>
        <member name="M:Vit.Core.Util.Guid.Snowflake.GetNextTimestamp(System.Int64)">
            <summary>
            获取下一微秒时间戳
            </summary>
            <param name="lastTimestamp"></param>
            <returns></returns>
        </member>
        <member name="M:Vit.Core.Util.Guid.Snowflake.GetId">
            <summary>
            获取长整形的ID
            </summary>
            <returns></returns>
        </member>
        <member name="M:Vit.Core.Util.Net.HttpClient.SendAsync``1(Vit.Core.Util.Net.HttpRequest)">
            <summary>
            异步发送请求
            </summary>
            <typeparam name="T"></typeparam>
            <param name="request"></param>
            <returns></returns>
        </member>
        <member name="M:Vit.Core.Util.Net.HttpClient.UrlAddParams(System.String,System.Object)">
            <summary>
            
            </summary>
            <param name="url">不可为null,demo："http://www.a.com"、"http://www.a.com?a=1&amp;b=2"</param>
            <param name="parameters">可为string、IDictionary、JObject</param>
            <returns></returns>
        </member>
        <member name="M:Vit.Core.Util.Net.HttpClient.UrlEncode(System.String)">
            <summary>
             System.Web.HttpUtility.UrlEncode(param)
            </summary>
            <param name="param"></param>
            <returns></returns>
        </member>
        <member name="M:Vit.Core.Util.Net.HttpClient.FormatUrlParams(System.Object)">
            <summary>
            返回值demo： "a=4&amp;b=2"
            </summary>
            <param name="parameters">可为string、IDictionary、JObject,例如："a=3&amp;b=5"</param>
            <returns></returns>
        </member>
        <member name="M:Vit.Core.Util.Net.HttpClient.Send``1(Vit.Core.Util.Net.HttpRequest)">
            <summary>
            发送请求
            </summary>
            <typeparam name="ReturnType"></typeparam>
            <param name="request"></param>
            <returns></returns>
        </member>
        <member name="T:Vit.Core.Util.Net.HttpRequest">
            <summary>
            http(s)的请求数据
            </summary>
        </member>
        <member name="F:Vit.Core.Util.Net.HttpRequest.url">
            <summary>
            可为https请求。例如： "http://www.baidu.com" "https://api.253.com/open/i/ocr/id-ocr" "/api/getName"
            </summary>
        </member>
        <member name="F:Vit.Core.Util.Net.HttpRequest.httpMethod">
            <summary>
            "GET"、"POST"、"DELETE" 等，默认"GET"
            </summary>
        </member>
        <member name="F:Vit.Core.Util.Net.HttpRequest.urlParams">
            <summary>
            放到url中的参数。可为string、IDictionary、JObject。若为其他类型则自动转换为JObject在进行处理
            </summary>
        </member>
        <member name="F:Vit.Core.Util.Net.HttpRequest.body">
            <summary>
            请求正文。可为 byte[]、IDictionary、JObject/JArray/Object 等(除了byte[], requestContentType 强制为 "application/json")
            </summary>
        </member>
        <member name="F:Vit.Core.Util.Net.HttpRequest.headers">
            <summary>
            http 请求头（可不指定，一般存放 Authorization Content-Type 等）
            </summary>
        </member>
        <member name="F:Vit.Core.Util.Net.HttpRequest._requestEncoding">
            <summary>
            
            </summary>
        </member>
        <member name="P:Vit.Core.Util.Net.HttpRequest.requestEncoding">
            <summary>
            请求编码
            </summary>
        </member>
        <member name="T:Vit.Core.Util.Net.HttpResponse`1">
            <summary>
            http(s)的回应
            </summary>
            <typeparam name="T"></typeparam>
        </member>
        <member name="T:Vit.Core.Util.Net.HttpUtil">
            <summary>
            http发送请求
            </summary>
        </member>
        <member name="M:Vit.Core.Util.Net.HttpUtil.CloneStruct``1(System.Object)">
            <summary>
            从source按照Type类型拷贝数据
            </summary>
            <typeparam name="Type"></typeparam>
            <param name="source"></param>
            <returns></returns>
        </member>
        <member name="M:Vit.Core.Util.Net.HttpUtil.SetToHttps(System.Net.HttpWebRequest)">
            <summary>
            设置请求类型为Https
            </summary>
            <param name="request"></param>
        </member>
        <member name="M:Vit.Core.Util.Net.HttpUtil.#cctor">
            <summary>
            静态初始化器，用以初始化https相关配置
            </summary>
        </member>
        <member name="M:Vit.Core.Util.Net.HttpUtil.UrlEncode(System.String)">
            <summary>
             System.Web.HttpUtility.UrlEncode(param)
            </summary>
            <param name="param"></param>
            <returns></returns>
        </member>
        <member name="M:Vit.Core.Util.Net.HttpUtil.UrlDecode(System.String)">
            <summary>
             System.Web.HttpUtility.UrlDecode(param)
            </summary>
            <param name="param"></param>
            <returns></returns>
        </member>
        <member name="M:Vit.Core.Util.Net.HttpUtil.GetTimeStampTen">
            <summary> 
            获取时间戳 10位
            </summary> 
            <returns></returns> 
        </member>
        <member name="M:Vit.Core.Util.Net.HttpUtil.FormatUrlParams(System.Object)">
            <summary>
            返回值demo： "a=4&amp;b=2"
            </summary>
            <param name="parameters">可为string、IDictionary、JObject,例如："a=3&amp;b=5"</param>
            <returns></returns>
        </member>
        <member name="M:Vit.Core.Util.Net.HttpUtil.UrlAddParams(System.String,System.Object)">
            <summary>
            
            </summary>
            <param name="url">不可为null,demo："http://www.a.com"、"http://www.a.com?a=1&amp;b=2"</param>
            <param name="parameters">可为string、IDictionary、JObject</param>
            <returns></returns>
        </member>
        <member name="F:Vit.Core.Util.Net.HttpUtil.Timeout">
            <summary>
            获取或设置请求超时之前的时间长度（以毫秒为单位，默认1分钟）。
            </summary>
        </member>
        <member name="M:Vit.Core.Util.Net.HttpUtil.GetRequest(System.String)">
            <summary>
            
            </summary>
            <param name="url"></param>
            <returns></returns>
        </member>
        <member name="F:Vit.Core.Util.Net.HttpUtil._defaultEncoding">
            <summary>
            
            </summary>
        </member>
        <member name="P:Vit.Core.Util.Net.HttpUtil.defaultEncoding">
            <summary>
            
            </summary>
        </member>
        <member name="M:Vit.Core.Util.Net.HttpUtil.GetResponseEncoding(System.Net.HttpWebResponse)">
            <summary>
            
            </summary>
            <param name="response"></param>
            <returns></returns>
        </member>
        <member name="M:Vit.Core.Util.Net.HttpUtil.GetRequest(Vit.Core.Util.Net.RequestParam)">
            <summary>
            
            </summary>
            <param name="requestParam"></param>
            <returns></returns>
        </member>
        <member name="M:Vit.Core.Util.Net.HttpUtil.Response_GetString(System.Net.HttpWebResponse,Vit.Core.Util.Net.RequestParam)">
            <summary>
            从response读取返回的字符串
            </summary>
            <param name="response"></param>
            <param name="requestParam"></param>
            <returns></returns>
        </member>
        <member name="M:Vit.Core.Util.Net.HttpUtil.FormatResponseData(System.Net.HttpWebResponse,System.String,System.String)">
            <summary>
            转换读取的字符串为指定的类型
            </summary>
            <param name="response"></param>
            <param name="data"></param>
            <param name="responseContentType">可为"json",若不指定有效值则默认为'string'</param>
            <returns></returns>
        </member>
        <member name="M:Vit.Core.Util.Net.HttpUtil.Ajax(Vit.Core.Util.Net.RequestParam)">
            <summary>
            发起http(s)请求
            </summary>
            <param name="requestParam"></param>
            <returns></returns>
        </member>
        <member name="M:Vit.Core.Util.Net.HttpUtil.Ajax_String(Vit.Core.Util.Net.RequestParam)">
            <summary>
            
            </summary>
            <param name="requestParam"></param>
            <returns></returns>
        </member>
        <member name="M:Vit.Core.Util.Net.HttpUtil.Ajax``1(Vit.Core.Util.Net.RequestParam)">
            <summary>
            发起http(s)请求,返回的数据先转换为string再转换为T类型（T可为 JObject/JArray等）
            </summary>
            <param name="requestParam"></param>
            <returns></returns>
        </member>
        <member name="M:Vit.Core.Util.Net.HttpUtil.Response_GetByte(System.Net.HttpWebResponse)">
            <summary>
            下载byte数据
            从response 下载byte数据
            </summary>
            <param name="response"></param> 
        </member>
        <member name="M:Vit.Core.Util.Net.HttpUtil.Response_DownloadFile(System.Net.HttpWebResponse,System.String)">
            <summary>
            下载文件
            从response 下载数据放到文件filePath中。
            </summary>
            <param name="response"></param>
            <param name="filePath"></param>
        </member>
        <member name="M:Vit.Core.Util.Net.HttpUtil.Ajax_Get(System.String,System.Object)">
            <summary>
            发起http(s) get请求
            </summary>
            <param name="url"></param>
            <param name="urlParams">放到url中的参数。可为string、IDictionary、JObject</param>
            <returns></returns>
        </member>
        <member name="M:Vit.Core.Util.Net.HttpUtil.Ajax_Post(System.String,System.Object,System.Object)">
            <summary>
            发起http(s) post请求
            </summary>
            <param name="url"></param>
            <param name="getParameters">放到url中的参数。可为string、IDictionary、JObject </param>
            <param name="postParameters">post请求参数（消息主体）。可为string、IDictionary、JObject/JArray </param>
            <returns></returns>
        </member>
        <member name="M:Vit.Core.Util.Net.HttpUtil.Ajax_Post(System.String,System.Object)">
            <summary>
            发起http(s) post请求
            </summary>
            <param name="url"></param>
            <param name="postParameters">post请求参数（消息主体）。可为string、IDictionary、JObject/JArray </param>
            <returns></returns>
        </member>
        <member name="T:Vit.Core.Util.Net.RequestParam">
            <summary>
            http(s)的请求配置
            </summary>
        </member>
        <member name="F:Vit.Core.Util.Net.RequestParam.url">
            <summary>
            可为https请求。例如： "http://www.baidu.com" "https://api.253.com/open/i/ocr/id-ocr"
            </summary>
        </member>
        <member name="F:Vit.Core.Util.Net.RequestParam.Method">
            <summary>
            "GET"、"POST"、"DELETE" 等，默认"GET"
            </summary>
        </member>
        <member name="F:Vit.Core.Util.Net.RequestParam.urlParams">
            <summary>
            放到url中的参数。可为string、IDictionary、JObject
            </summary>
        </member>
        <member name="F:Vit.Core.Util.Net.RequestParam.body">
            <summary>
            请求实体参数（消息主体，多为post参数）。可为 byte[]、string/IDictionary(requestContentType:"application/x-www-form-urlencoded")、JObject/JArray/Object(requestContentType:"application/json")
            </summary>
        </member>
        <member name="F:Vit.Core.Util.Net.RequestParam.requestContentType">
            <summary>
            请求体的类型(若不指定则根据body类型获取)，例如"application/x-www-form-urlencoded"、"application/json"、"text/xml; charset=utf-8" 等
            </summary>
        </member>
        <member name="F:Vit.Core.Util.Net.RequestParam.responseContentType">
            <summary>
            强制指定返回数据类型（可为"json"、"string",若不指定有效值则默认为"string"）
            </summary>
        </member>
        <member name="F:Vit.Core.Util.Net.RequestParam.headers">
            <summary>
            http 请求头（可不指定，一般存放 Authorization Content-Type 等）
            </summary>
        </member>
        <member name="F:Vit.Core.Util.Net.RequestParam._requestEncoding">
            <summary>
            
            </summary>
        </member>
        <member name="P:Vit.Core.Util.Net.RequestParam.requestEncoding">
            <summary>
            请求编码
            </summary>
        </member>
        <member name="F:Vit.Core.Util.Net.RequestParam.responseEncoding">
            <summary>
            
            </summary>
        </member>
        <member name="M:Vit.Core.Util.Net.RequestParam.GetRequestBodyData(System.String@,System.Byte[]@)">
            <summary>
            获取请求Body
            </summary>
            <returns></returns>
        </member>
        <member name="T:Vit.Core.Util.Pipelines.ByteData">
            <summary>
            
            .net core中的高效动态内存管理方案
            https://www.cnblogs.com/TianFang/p/10084049.html
            
            .net core中的System.Buffers名字空间
            https://www.cnblogs.com/TianFang/p/9193881.html
            
            
            Span＜T＞ —— .NET Core 高效运行的新基石
            https://blog.csdn.net/wnvalentin/article/details/93485572
            
            
            ReadOnlySequenceSegment .net core中的高效动态内存管理方案
            https://www.cnblogs.com/TianFang/p/10084049.html
            
            </summary>
        </member>
        <member name="T:Vit.Core.Util.Pipelines.PipeFrame">
            <summary>
            线程不安全
            </summary>
        </member>
        <member name="F:Vit.Core.Util.Pool.ObjectPool`1.Capacity">
            <summary>
            Gets or sets the total number of elements the internal data structure can hold without resizing.(default:100000)
            </summary>
        </member>
        <member name="F:Vit.Core.Util.Pool.ObjectPoolGenerator`1.Capacity">
            <summary>
            Gets or sets the total number of elements the internal data structure can hold without resizing.(default:100000)
            </summary>
        </member>
        <member name="F:Vit.Core.Util.Pool.PoolCache`1.queue">
            *
        </member>
        <member name="M:Vit.Core.Util.Reflection.ObjectLoader.LoadAssembly(System.String,System.String)">
            <summary>
            
            </summary>
            <param name="assemblyFile">如： "Vit.Core.dll"</param>
            <param name="assemblyName">如： "Vit.Core"</param>
            <returns></returns>
        </member>
        <member name="M:Vit.Core.Util.Reflection.ObjectLoader.LoadAssemblyFromFile(System.String)">
            <summary>
            
            </summary>
            <param name="assemblyFile">如： "Vit.Core.dll"</param>
            <returns></returns>
        </member>
        <member name="M:Vit.Core.Util.Reflection.ObjectLoader.GetType(System.String,System.Reflection.Assembly,System.String,System.String)">
            <summary>
            若未指定assembly，则从当前加载的所有Assembly中查找
            </summary>
            <param name="className">如： "Vit.Core.Util.ConfigurationManager.JsonFile"、"Vit.Core.Util.ConfigurationManager.JsonFile,Vit.Core"</param>
            <param name="assembly"></param>
            <param name="assemblyFile">如： "Vit.Core.dll"</param>
            <param name="assemblyName">如： "Vit.Core"</param>
            <returns></returns>
        </member>
        <member name="M:Vit.Core.Util.Reflection.ObjectLoader.CreateInstance(System.String,System.String,System.String)">
            <summary>
            若未指定assembly，则从当前加载的所有Assembly中查找
            </summary>
            <param name="className">如： "Vit.Core.Util.ConfigurationManager.JsonFile"、"Vit.Core.Util.ConfigurationManager.JsonFile,Vit.Core"</param>
            <param name="assemblyFile">如： "Vit.Core.dll"</param>
            <param name="assemblyName">如： "Vit.Core"</param>
        </member>
        <member name="M:Vit.Core.Util.Shell.OsShell.Shell(System.String,System.String,System.String@,System.Nullable{System.Int32},System.String,System.String)">
            <summary>
            
            </summary>
            <param name="fileName"> 如 reboot </param>
            <param name="arguments"></param>
            <param name="output"></param>
            <param name="millisecondsOfWait">等待时间，默认10000。若不指定则永久等待</param>
            <param name="WorkingDirectory">sets the working directory for the process to be started</param>
            <param name="input"></param>
            <returns>true if the associated process has exited; otherwise, false.</returns>
        </member>
        <member name="M:Vit.Core.Util.Shell.OsShell.Shell(System.String,System.String,System.Nullable{System.Int32},System.String,System.String)">
            <summary>
            
            </summary>
            <param name="fileName"> 如 reboot </param>
            <param name="arguments"></param>
            <param name="millisecondsOfWait">等待时间，默认10000。为null则永久等待</param>
            <param name="WorkingDirectory">sets the working directory for the process to be started</param>
            <param name="input"></param>
            <returns>true if the associated process has exited; otherwise, false.</returns>
        </member>
        <member name="T:Vit.Core.Util.SsExp.SsExpCalculator">
            <summary>
            json ExpressionCalculator
            json表达式计算器
            </summary>
        </member>
        <member name="T:Vit.Core.Util.Threading.Cache.AsyncCache`1">
            <summary>
            切换线程时依然可以传递数据。(若切换线程不传递则可使用System.Threading.ThreadLocal ,或者使用[ThreadStatic]特性)
            多包裹一层的原因是 子异步任务结束时会还原子异步任务对AsyncLocal做的更改(即子异步任务对AsyncLocal做的更改不会保留到子异步任务结束后的父异步任务中)
            参见https://blog.csdn.net/kkfd1002/article/details/80102244
            </summary>
        </member>
        <member name="P:Vit.Core.Util.Threading.Timer.SersTimer.intervalMs">
            <summary>
            定时器间隔，单位：ms
            </summary>
        </member>
        <member name="T:Vit.Core.Util.Threading.Timer.SersTimer_SingleThread">
            <summary>
            若前序timer回调没有执行结束，则后续回调不会被调用
            </summary>
        </member>
        <member name="F:Vit.Core.Util.Threading.Worker.ETaskFinishStatus.overload">
            <summary>
            服务超载（一般为瞬时请求量过大）
            </summary>
        </member>
        <member name="T:Vit.Core.Util.Threading.Worker.LongThread">
            <summary>
            注意！！！慎用！！！
            请勿处理ThreadInterruptedException异常，否则导致线程无法正常结束
            catch (Exception ex) when (!(ex.GetBaseException() is ThreadInterruptedException))
            </summary>
        </member>
        <member name="F:Vit.Core.Util.Threading.Worker.LongThread.Processor">
            <summary>
            请勿处理ThreadInterruptedException异常，否则导致线程无法正常结束
            不可抛异常
            </summary>
        </member>
        <member name="F:Vit.Core.Util.Threading.Worker.LongThread.threadName">
            <summary>
            线程名称
            </summary>
        </member>
        <member name="P:Vit.Core.Util.Threading.Worker.LongThread.threadCount">
            <summary>
            线程数，默认1
            </summary>
        </member>
        <member name="F:Vit.Core.Util.Threading.Worker.LongThread.loop">
            <summary>
            是否在执行完成后重新执行。
            </summary>
        </member>
        <member name="F:Vit.Core.Util.Threading.Worker.LongThread.stopWhenException">
            <summary>
            出现异常时是否终止
            </summary>
        </member>
        <member name="M:Vit.Core.Util.Threading.Worker.LongThread.Stop">
            <summary>
            
            </summary>
            <returns></returns>
        </member>
        <member name="T:Vit.Core.Util.Threading.Worker.LongThread_TimeLimit`1">
            <summary>
            注意！！！慎用！！！
            请勿处理ThreadInterruptedException异常，否则导致线程无法正常结束
            若在超时时间内未清理状态，则强制关闭任务。拉任务的模式。
            </summary>
        </member>
        <member name="F:Vit.Core.Util.Threading.Worker.LongThread_TimeLimit`1.GetWork">
            <summary>
            不可抛异常
            </summary>
        </member>
        <member name="F:Vit.Core.Util.Threading.Worker.LongThread_TimeLimit`1.Processor">
            <summary>
            不可抛异常
            </summary>
        </member>
        <member name="F:Vit.Core.Util.Threading.Worker.LongThread_TimeLimit`1.OnFinish">
            <summary>
            不可抛异常
            status: success/error/timeout
            </summary>
        </member>
        <member name="F:Vit.Core.Util.Threading.Worker.LongThread_TimeLimit`1.threadName">
            <summary>
            线程名称
            </summary>
        </member>
        <member name="P:Vit.Core.Util.Threading.Worker.LongThread_TimeLimit`1.threadCount">
            <summary>
            线程数，默认1
            </summary>
        </member>
        <member name="F:Vit.Core.Util.Threading.Worker.LongThread_TimeLimit`1.loop">
            <summary>
            是否在执行完成后重新执行(默认true)
            </summary>
        </member>
        <member name="F:Vit.Core.Util.Threading.Worker.LongThread_TimeLimit`1.stopWhenException">
            <summary>
            出现异常时是否终止(默认false)
            </summary>
        </member>
        <member name="P:Vit.Core.Util.Threading.Worker.LongThread_TimeLimit`1.timeoutMs">
            <summary>
            超时时间。脉冲间隔。（主动关闭超过此时间的任务,实际任务强制关闭的时间会在1倍超时时间到2倍超时时间内)。单位：ms。(默认300000)
            </summary>
        </member>
        <member name="F:Vit.Core.Util.Threading.Worker.LongThread_TimeLimit`1.pulseMaker">
            <summary>
            脉冲生产器
            </summary>
        </member>
        <member name="M:Vit.Core.Util.Threading.Worker.LongThread_TimeLimit`1.PulseMake(System.Object)">
            <summary>
            电子脉冲，在固定的时间间隔发送脉冲
            </summary>
        </member>
        <member name="M:Vit.Core.Util.Threading.Worker.LongThread_TimeLimit`1.Stop">
            <summary>
            
            </summary>
            <returns></returns>
        </member>
        <member name="P:Vit.Core.Util.Threading.Worker.LongThread_TimeLimit`1.Worker.IsDealing">
            <summary>
            任务是否在执行中
            </summary>
        </member>
        <member name="F:Vit.Core.Util.Threading.Worker.LongThread_TimeLimit`1.Worker.GetWork">
            <summary>
            阻塞获取任务
            </summary>
        </member>
        <member name="F:Vit.Core.Util.Threading.Worker.LongThread_TimeLimit`1.Worker.Processor">
            <summary>
            不可抛异常
            </summary>
        </member>
        <member name="F:Vit.Core.Util.Threading.Worker.LongThread_TimeLimit`1.Worker.OnFinish">
            <summary>
            不可抛异常
            status: success/error/timeout
            </summary>
        </member>
        <member name="F:Vit.Core.Util.Threading.Worker.LongThread_TimeLimit`1.Worker.pulseCount">
            <summary>
            当前任务所经历的脉冲的次数
            </summary>
        </member>
        <member name="T:Vit.Core.Util.Threading.Worker.ManagedThread`1">
            <summary>
            注意！！！慎用！！！
            线程数量限制不一定准确。
            请勿处理ThreadInterruptedException异常，否则导致线程无法正常结束
            若超时则强制关闭任务。
            托管线程。推任务的模式。
            </summary>
        </member>
        <member name="F:Vit.Core.Util.Threading.Worker.ManagedThread`1.Processor">
            <summary>
            不可抛异常
            </summary>
        </member>
        <member name="F:Vit.Core.Util.Threading.Worker.ManagedThread`1.OnFinish">
            <summary>
            不可抛异常
            status: success/error/timeout/overload
            </summary>
        </member>
        <member name="F:Vit.Core.Util.Threading.Worker.ManagedThread`1.threadName">
            <summary>
            线程名称
            </summary>
        </member>
        <member name="F:Vit.Core.Util.Threading.Worker.ManagedThread`1.threadCount">
            <summary>
            常驻线程数，默认16。可为0
            </summary>
        </member>
        <member name="F:Vit.Core.Util.Threading.Worker.ManagedThread`1.maxThreadCount">
            <summary>
            最大线程数（包含常驻线程和临时线程），默认100。
            </summary>
        </member>
        <member name="F:Vit.Core.Util.Threading.Worker.ManagedThread`1.pendingQueueLength">
            <summary>
            等待队列的最大长度（默认：100000）
            </summary>
        </member>
        <member name="P:Vit.Core.Util.Threading.Worker.ManagedThread`1.timeoutMs">
            <summary>
            超时时间。脉冲间隔。（主动关闭超过此时间的任务,实际任务强制关闭的时间会在1倍超时时间到2倍超时时间内)。单位：ms。(默认300000)
            </summary>
        </member>
        <member name="F:Vit.Core.Util.Threading.Worker.ManagedThread`1.pulseMaker">
            <summary>
            脉冲生产器
            </summary>
        </member>
        <member name="M:Vit.Core.Util.Threading.Worker.ManagedThread`1.Pulse(System.Object)">
            <summary>
            电子脉冲，在固定的时间间隔发送脉冲
            </summary>
        </member>
        <member name="F:Vit.Core.Util.Threading.Worker.ManagedThread`1.RunInfo.Processor">
            <summary>
            不可抛异常
            </summary>
        </member>
        <member name="F:Vit.Core.Util.Threading.Worker.ManagedThread`1.RunInfo.OnFinish">
            <summary>
            不可抛异常
            status: success/error/timeout/overload
            </summary>
        </member>
        <member name="M:Vit.Core.Util.Threading.Worker.ManagedThread`1.RunInfo.Pulse">
            <summary>
            电子脉冲，在固定的时间间隔发送脉冲
            </summary>
        </member>
        <member name="F:Vit.Core.Util.Threading.Worker.ManagedThread`1.LongThreadManager.waitingThreadCount">
            <summary>
            等待中的线程个数
            </summary>
        </member>
        <member name="M:Vit.Core.Util.Threading.Worker.ManagedThread`1.LongThreadManager.Pulse">
            <summary>
            电子脉冲，在固定的时间间隔发送脉冲
            </summary>
        </member>
        <member name="M:Vit.Core.Util.Threading.Worker.ManagedThread`1.CasualThreadManager.Pulse">
            <summary>
            电子脉冲，在固定的时间间隔发送脉冲
            </summary>
        </member>
        <member name="T:Vit.Core.Util.Threading.Worker.RepeatTask">
            <summary>
            注意！！！慎用！！！
            务必确保可以手动结束任务。
            在每次调用完成后才会检测是否结束。调用过程中是不会结束的，除非手动抛出异常。
            </summary>
        </member>
        <member name="F:Vit.Core.Util.Threading.Worker.RepeatTask.Processor">
            <summary>
            不可抛异常
            </summary>
        </member>
        <member name="F:Vit.Core.Util.Threading.Worker.RepeatTask.threadName">
            <summary>
            线程名称
            </summary>
        </member>
        <member name="F:Vit.Core.Util.Threading.Worker.RepeatTask.threadCount">
            <summary>
            线程数,默认为1
            </summary>
        </member>
        <member name="F:Vit.Core.Util.Threading.Worker.RepeatTask.repeatCountPerThread">
            <summary>
            每个线程重复执行的次数,默认为1。若指定为0则重复无限次数
            </summary>
        </member>
        <member name="F:Vit.Core.Util.Threading.Worker.RepeatTask.stopWhenException">
            <summary>
            出现异常时是否终止,默认false
            </summary>
        </member>
        <member name="F:Vit.Core.Util.Threading.Worker.RepeatTask.sendStopSignal">
            <summary>
            是否发送结束信号
            </summary>
        </member>
        <member name="P:Vit.Core.Util.Threading.Worker.RepeatTask.RunningThreadCount">
            <summary>
            执行中的线程数
            </summary>
        </member>
        <member name="M:Vit.Core.Util.Threading.Worker.RepeatTask.Stop">
            <summary>
            只发送发送结束信号，不保证会立即结束所有任务
            </summary>
            <returns></returns>
        </member>
        <member name="T:Vit.Core.Util.Threading.Worker.TaskQueue">
            <summary>
            单工作者的任务队列。入队操作为线程安全的。
            </summary>
        </member>
        <member name="P:Vit.Core.Util.Threading.Worker.TaskQueue.threadName">
            <summary>
            线程名称
            </summary>
        </member>
        <member name="P:Vit.Core.Util.Threading.Worker.TaskQueue`1.threadName">
            <summary>
            线程名称
            </summary>
        </member>
        <member name="F:Vit.Core.Util.Threading.Worker.TaskQueue`1.Processor">
            <summary>
            请勿处理ThreadInterruptedException异常，否则导致线程无法正常结束 不可抛异常
            </summary>
        </member>
        <member name="T:Vit.Core.Util.Xml.XmlHelp">
            <summary>
               
            </summary>
        </member>
        <member name="M:Vit.Core.Util.Xml.XmlHelp.XmlStringToJson(System.String)">
            <summary>
            
            </summary>
            <param name="xmlString"></param>
            <returns></returns>
        </member>
        <member name="M:Vit.Core.Util.Xml.XmlHelp.JsonToXmlDocument(Newtonsoft.Json.Linq.JObject)">
            <summary>
            
            </summary>
            <param name="joXml"></param>
            <returns></returns>
        </member>
        <member name="M:Vit.Core.Util.Xml.XmlHelp.JsonToXmlString(Newtonsoft.Json.Linq.JObject)">
            <summary>
            直接字符串拼接构建XmlString
            </summary>
            <param name="joXml"></param>
            <returns></returns>
        </member>
        <member name="M:Vit.Core.Util.Xml.XmlHelp.StrToXmlStr(System.String)">
            <summary>
            <para>向xml 的 内容 转换。                                                         </para>
            <para>例如 转换为  &lt;a title=""&gt;ok&lt;/a&gt;  中a标签的内容体（innerHTML）    </para>
            <para>或 转换为  &lt;a title=""&gt;ok&lt;/a&gt;  中title的值。                     </para>
            <para>                                                                             </para>
            <para>转换 " &amp;  &lt;   &gt;  为  &amp;quot;  &amp;amp;   &amp;lt;   &amp;gt; 。</para>
            <para>注： ' 对应 &amp;apos; ，但有些浏览器不支持，故此函数不转换。                </para>
            </summary>
            <param name="str">若为 空 或 空字符串，则原样返回</param>
            <returns></returns>
        </member>
        <member name="M:Vit.Core.Util.Xml.XmlHelp.AppendXmlStr(System.Text.StringBuilder,System.String)">
            <summary>
            <para>向xml 的 内容 转换 并追加到 builder。                                         </para>
            <para>例如 转换为  &lt;a title=""&gt;ok&lt;/a&gt;  中a标签的内容体（innerHTML）     </para>
            <para>或 转换为  &lt;a title=""&gt;ok&lt;/a&gt;  中title的值。                      </para>
            <para>                                                                              </para>
            <para>转换 " &amp;  &lt;   &gt;  为  &amp;quot;  &amp;amp;   &amp;lt;   &amp;gt; 。 </para>
            <para>注： ' 对应 &amp;apos; ，但有些浏览器不支持，故此函数不转换。                 </para>
            </summary>
            <param name="builder">不可为空</param>
            <param name="str">若为 空 或 空字符串，则原样返回</param>
            <returns>原 builder</returns>
        </member>
        <member name="M:Vit.Core.Util.XmlComment.XmlCommentMng.AddXml(System.String)">
            <summary>
            添加xml注释
            </summary>
            <param name="xmlFilePath"></param>
        </member>
        <member name="M:Vit.Core.Util.XmlComment.XmlCommentMng.AddBin(System.String)">
            <summary>
            添加bin目录下的所有xml注释文件
            </summary>
            <param name="path"></param>
        </member>
    </members>
</doc>
