<?xml version="1.0"?>
<doc>
    <assembly>
        <name>Mc.Client.Station</name>
    </assembly>
    <members>
        <member name="M:App.Module.Shell.WakeupPcController.WakeUp(System.String,System.String,System.Int32)">
            <summary>
            
            </summary>
            <param name="ip"></param>
            <param name="mac">Mac地址。如 "010203040506" (6 bytes)</param>
            <param name="port"></param>
            <returns></returns>
        </member>
    </members>
</doc>
