{
  "//apis": [
    { //为 SsApiDesc格式
      //路由(可为泛接口,如 "/a/*" )
      "route": "/{{apiStation}}/{{routePrefix}}/hostname",
      "//name": "获取hostname",
      "//description": "获取hostname",
      //扩展配置（json）
      "//extendConfig": {
        //请求方式，若不指定则默认支持所有方式（demo: POST、GET、DELETE、PUT等）
        "httpMethod": "POST",

        //系统生成的接口文字描述
        "sysDesc": "method:POST"
      },

      //shell arg
      "shell": {
        "fileName": "cmd.exe",
        "//arguments": "", //可通过{{apiArg}}获取api参数（字符串类型）
        "//input": "hostname \n; echo '{{apiArg}}';\n exit; \n",
        "//WorkingDirectory": ""
      },
      "//async": false,
      "//formatInput": "(input,apiArg)=>{  return input; }",
      "//formatOutput": "(output,apiArg,error)=>{  return {success:error?false:true,data:output,error:error }; }"
    }
  ]

}