﻿{
  //mcc-linux
  "mcData": [
    {
      "mcUiSrc": "/MicroControl/MCUI/Sys/sers.singleSwitch.v1/index.html",

      "mcUiInitData": {

        "deviceName": "temp-centos",
        "desc": "temp",

        "func": [

          //----------------------------
          //Doc
          {
            /* 为 button 或 state。若不指定则忽略此项。  button：在点击后调用api。     state：在初始化时调用api，返回值显示为ui文本的内容 */
            //"type": "button",  

            /* ui文件前的标题 或者 按钮上的文字  */
            "title": "在宿主执行程序",

            /* 接口route。如 ShellWithReturn、Shell */
            "api": "/MCC/{{routePrefix}}/ShellWithReturn",

            /* 是否把参数作为js函数执行，返回值作为最终参数。默认值：false */
            //"argumentIsFunction": true,

            /* 接口参数 */
            "argument": {
              /* 可不指定。sets the working directory for the process to be started */
              "WorkingDirectory": "/root/app",

              /* 程序名称，可含路径 */
              "fileName": "chroot",

              /* 可不指定。参数 */
              "arguments": "/host /bin/bash",

              /* 可不指定。程序运行后的控制台输入 */
              "input": "docker ps -a -q\n exit \n",

              /* 可不指定。api为shell时有效。是否后台执行（api返回，命令仍然在执行） */
              "runOnBack": false
            }
          },

          //----------------------------
          //Demo:
          {
            //"type": "button",
            "title": "在宿主执行命令",
            "api": "/MCC/{{routePrefix}}/ShellWithReturn",
            "argument": {
              "fileName": "chroot",
              "arguments": "/host /bin/bash -c \"docker ps -a -q\n exit \n\" "
            }
          },

          {
            //"type": "button",
            "title": "在宿主执行命令",
            "api": "/MCC/{{routePrefix}}/ShellWithReturn",
            "argument": {
              "fileName": "chroot",
              "arguments": "/host /bin/bash",
              "input": "docker ps -a -q\n exit \n"
            }
          },

          {
            //"type": "button",
            "title": "执行sh命令",
            "api": "/MCC/{{routePrefix}}/ShellWithReturn",
            "argument": {
              // 查看端口转发服务   sh -c "ps -ef|grep 'PortForward.dll'"
              "fileName": "sh",
              "arguments": "-c \"ps -ef|grep 'PortForward.dll'\""
            }
          },

          {
            //"type": "button",
            "title": "后台执行sh命令",
            "api": "/MCC/{{routePrefix}}/Shell",
            "argument": {
              // sh -c "nohup dotnet ../PortForward/PortForward.dll PortForwardClient--at111sssssfvbvdscv--ali.sers.cloud--10011--127.0.0.1--22--2 >> Logs/PortForward_10010.log 2>&1 &"
              "fileName": "sh",
              "arguments": "-c \"nohup dotnet ../PortForward/PortForward.dll PortForwardClient--at111sssssfvbvdscv--ali.sers.cloud--10011--127.0.0.1--22--2 >> Logs/PortForward_10010.log 2>&1 &\"",
              "runOnBack": false
            }
          },


          {
            //"type": "state", 
            "title": "hostname",
            "api": "/MCC/{{routePrefix}}/ShellWithReturn",
            "argument": {
              "fileName": "hostname",
              "arguments": ""
            }
          },

          //------------------------------------
          {
            //"type": "state", 
            "title": "hostname",
            "api": "/MCC/{{routePrefix}}/ShellWithReturn",
            "argument": {
              "fileName": "hostname",
              "arguments": ""
            }
          },
          {

            "type": "button",
            "title": "查看端口转发服务",
            "api": "/MCC/{{routePrefix}}/ShellWithReturn",
            "argument": {
              // sh -c "ps -ef|grep 'PortForward.dll'"
              "fileName": "sh",
              "arguments": "-c \"ps -ef|grep 'PortForward.dll'\""
            }
          },

          {
            "type": "button",
            "title": "关闭端口转发服务",
            "api": "/MCC/{{routePrefix}}/ShellWithReturn",
            "argument": {
              // kill -s 9 `pgrep -f 'PortForward.dll'`
              "fileName": "sh",
              "arguments": "-c \"kill -s 9 `pgrep -f 'PortForward.dll'`\" "
            }
          },
          {
            "type": "button",
            "title": "查看端口转发服务id",
            "api": "/MCC/{{routePrefix}}/ShellWithReturn",
            "argument": {
              //sh -c pgrep -f 'PortForward.dll'
              "fileName": "sh",
              "arguments": "-c \"pgrep -f 'PortForward.dll'\""
            }
          },

          {
            "type": "button",
            "title": "自定义端口转发",
            "api": "/MCC/{{routePrefix}}/ShellWithReturn",
            "argumentIsFunction": true,
            "argument": "function(){var n=prompt('请输入映射参数','PortForwardServer--at111sssssfvbvdscv--10020--10021'); if(!n) throw '取消'; return {fileName:'sh',arguments:'-c \"nohup dotnet ../PortForward/PortForward.dll '+ n +' >> Logs/PortForward.log 2>&1 &\"' };}"
          },


          {
            "type": "button",
            "title": "开启10010服务",
            "api": "/MCC/{{routePrefix}}/ShellWithReturn",
            "argument": {
              // sh -c "nohup dotnet ../PortForward/PortForward.dll PortForwardServer--at111sssssfvbvdscv--10010--10011 >> Logs/PortForward_10010.log 2>&1 &"
              "fileName": "sh",
              "arguments": "-c \"nohup dotnet ../PortForward/PortForward.dll PortForwardServer--at111sssssfvbvdscv--10010--10011 >> Logs/PortForward_10010.log 2>&1 &\"",
              "runOnBack": false
            }
          },



          {
            "type": "button",
            "title": "映射端口ali:10010",
            "api": "/MCC/{{routePrefix}}/Shell",
            "argument": {
              "fileName": "sh",
              "arguments": "-c \"nohup dotnet ../PortForward/PortForward.dll PortForwardClient--at111sssssfvbvdscv--ali.sers.cloud--10011--127.0.0.1--22--2 >> Logs/PortForward_10010.log 2>&1 &\"",
              "runOnBack": false
            }
          },





          {
            "type": "button",
            "title": "自定义远程唤醒",
            "api": "/MCC/{{routePrefix}}/WakeupOnLan",
            "argumentIsFunction": true,
            "argument": "function(){var n=prompt('请输入ip和mac地址，逗号分隔，如 192.168.1.108,D8CB8A1314C4 ','192.168.1.108,D8CB8A1314C4'); if(!n) throw '取消'; return {ip:n.split(',')[0],mac:n.split(',')[1] };}"
          },

          {
            //"type": "button",
            "title": "远程唤醒be_lith",
            "api": "/MCC/{{routePrefix}}/WakeupOnLan",
            "argument": {
              "ip": "192.168.1.108",
              "mac": "D8CB8A1314C4"
            }
          },




          {
            "type": "button",
            "title": "修改站点名",
            "api": "/MCC/{{routePrefix}}/ChangeStationName",
            "argumentIsFunction": true,
            "argument": "function(){var n=prompt('请输入要修改为的站点名'); if(!n) throw '取消'; return {serviceStationName: n };}"
          }

        ]

      }
    }
  ]


}
