{
  "//apis": [
    {
      //路由地址(可为泛接口,如 "/a/*",若不指定则跳过此项 )
      "route": "/{{apiStation}}/{{routePrefix}}/hostname",
      //"name": "获取hostname",
      //"description": "获取hostname",
      //扩展配置（json）
      "//extendConfig": {
        //请求方式，若不指定则默认支持所有方式（demo: POST、GET、DELETE、PUT等）
        "httpMethod": "POST",

        //系统生成的接口文字描述
        "sysDesc": "method:POST"
      },

      //cmd arg
      "input": {
        //"userName": "", //指定执行命令行的用户。若不指定则默认为第一个用户。demo: Administrator
        //"showWindow": "SW_HIDE", //窗口状态，可不指定。可为 SW_HIDE、SW_MAXIMIZE、SW_MINIMIZE

        "fileName": "cmd.exe", //程序的路径，可为相对路径。demo:"..\\Mcc.RemoteControl.NetFx\\Mcc.RemoteControl.NetFx.exe"。 和commandLine选择其一

        "WorkingDirectory": "E:\\Program Files\\", //执行命令行的路径，可不指定。 demo:"E:\\Program Files\\" 
        "commandLine": "Mcc.RemoteControl.NetFx.exe", //windows命令行。demo:"Mcc.RemoteControl.NetFx.exe"。 和fileName选择其一

        "useApiReturn": true //是否把结果包装为ApiReturn类型，默认false。若指定formatOutput则此项无效
      },
      "//formatInput": "(input,apiArg)=>{  return input; }",
      "//formatOutput": "(output,apiArg,error)=>{  return {success:error?false:true,data:output,error:error }; }"
    }
  ]

}