<?xml version="1.0"?>
<doc>
    <assembly>
        <name>Sers.CL.Socket.Iocp</name>
    </assembly>
    <members>
        <member name="F:Sers.CL.Socket.Iocp.Base.DeliveryClient_Base`1.host">
            <summary>
             服务端 host地址（默认 "127.0.0.1" ）。例如： "127.0.0.1"、"sers.cloud"。
            </summary>
        </member>
        <member name="F:Sers.CL.Socket.Iocp.Base.DeliveryClient_Base`1.port">
            <summary>
            服务端 监听端口号（默认4501）。例如： 4501。
            </summary>
        </member>
        <member name="F:Sers.CL.Socket.Iocp.Base.DeliveryClient_Base`1.receiveBufferSize">
            <summary>
            接收缓存区大小（单位:byte,默认：8192）
            </summary>
        </member>
        <member name="P:Sers.CL.Socket.Iocp.Base.DeliveryConnection_Base.state">
            <summary>
            连接状态(0:waitForCertify; 2:certified; 4:waitForClose; 8:closed;)
            </summary>
        </member>
        <member name="P:Sers.CL.Socket.Iocp.Base.DeliveryConnection_Base.socket">
            <summary>
            通信SOCKET
            </summary>
        </member>
        <member name="P:Sers.CL.Socket.Iocp.Base.DeliveryConnection_Base.connectTime">
            <summary>
            连接时间
            </summary>
        </member>
        <member name="P:Sers.CL.Socket.Iocp.Base.DeliveryConnection_Base.OnGetFrame">
            <summary>
            请勿处理耗时操作，需立即返回。接收到客户端的数据事件
            </summary>
        </member>
        <member name="F:Sers.CL.Socket.Iocp.Base.DeliveryServer_Base`1.host">
            <summary>
            服务端 监听地址。若不指定则监听所有网卡。例如： "127.0.0.1"、"localhost"。
            </summary>
        </member>
        <member name="F:Sers.CL.Socket.Iocp.Base.DeliveryServer_Base`1.port">
            <summary>
            服务端 监听端口号(默认4501)。例如： 4501。
            </summary>
        </member>
        <member name="F:Sers.CL.Socket.Iocp.Base.DeliveryServer_Base`1.receiveBufferSize">
            <summary>
            接收缓存区大小（单位:byte,默认：8192）
            </summary>
        </member>
        <member name="F:Sers.CL.Socket.Iocp.Base.DeliveryServer_Base`1.maxConnectCount">
            <summary>
            最大连接数
            </summary>
        </member>
        <member name="F:Sers.CL.Socket.Iocp.Base.DeliveryServer_Base`1.connMap">
            <summary>
             connHashCode -> DeliveryConnection
            </summary>
        </member>
        <member name="M:Sers.CL.Socket.Iocp.Base.DeliveryServer_Base`1.Stop">
            <summary>
            停止服务
            </summary>
        </member>
        <member name="F:Sers.CL.Socket.Iocp.Mode.ThreadWait.DeliveryClient.sendBufferSize">
            <summary>
            发送缓冲区数据块的最小大小（单位：byte,默认 1000000）
            </summary>
        </member>
        <member name="F:Sers.CL.Socket.Iocp.Mode.ThreadWait.DeliveryClient.sendBufferCount">
            <summary>
            发送缓冲区个数（默认1024）
            </summary>
        </member>
        <member name="F:Sers.CL.Socket.Iocp.Mode.ThreadWait.DeliveryClient.sendFlushInterval">
            <summary>
            发送缓冲区刷新间隔（单位：毫秒,默认：1）
            </summary>
        </member>
        <member name="F:Sers.CL.Socket.Iocp.Mode.ThreadWait.DeliveryServer.sendBufferSize">
            <summary>
            发送缓冲区数据块的最小大小（单位：byte,默认 1000000）
            </summary>
        </member>
        <member name="F:Sers.CL.Socket.Iocp.Mode.ThreadWait.DeliveryServer.sendBufferCount">
            <summary>
            发送缓冲区个数（默认1024）
            </summary>
        </member>
        <member name="M:Sers.CL.Socket.Iocp.Mode.ThreadWait.DeliveryServer.Stop">
            <summary>
            停止服务
            </summary>
        </member>
        <member name="F:Sers.CL.Socket.Iocp.Mode.ThreadWait.DeliveryServer.sendFlushInterval">
            <summary>
            发送缓冲区刷新间隔（单位：毫秒,默认：1）
            </summary>
        </member>
        <member name="F:Sers.CL.Socket.Iocp.Mode.Timer.DeliveryClient.sendBufferSize">
            <summary>
            发送缓冲区数据块的最小大小（单位：byte,默认 1000000）
            </summary>
        </member>
        <member name="F:Sers.CL.Socket.Iocp.Mode.Timer.DeliveryClient.sendBufferCount">
            <summary>
            发送缓冲区个数（默认1024）
            </summary>
        </member>
        <member name="F:Sers.CL.Socket.Iocp.Mode.Timer.DeliveryClient.sendFlushInterval">
            <summary>
            发送缓冲区刷新间隔（单位：毫秒,默认：1）
            </summary>
        </member>
        <member name="F:Sers.CL.Socket.Iocp.Mode.Timer.DeliveryConnection.sendBufferSize">
            <summary>
            发送缓冲区数据块的最小大小（单位：byte）
            </summary>
        </member>
        <member name="F:Sers.CL.Socket.Iocp.Mode.Timer.DeliveryConnection.sendBufferCount">
            <summary>
            发送缓冲区个数
            </summary>
        </member>
        <member name="M:Sers.CL.Socket.Iocp.Mode.Timer.DeliveryConnection.FlushData(System.Int32)">
            <summary>
            
            </summary>
            <param name="stopIndex">不包含</param>
        </member>
        <member name="M:Sers.CL.Socket.Iocp.Mode.Timer.DeliveryConnection.BufferToBytes(System.Int32,System.Int32,System.Int32)">
            <summary>
            
            </summary>
            <param name="startIndex"></param>
            <param name="stopIndex">不包含</param>
            <param name="sumCount"></param>
            <returns></returns>
        </member>
        <member name="F:Sers.CL.Socket.Iocp.Mode.Timer.DeliveryServer.sendBufferSize">
            <summary>
            发送缓冲区数据块的最小大小（单位：byte,默认 1000000）
            </summary>
        </member>
        <member name="F:Sers.CL.Socket.Iocp.Mode.Timer.DeliveryServer.sendBufferCount">
            <summary>
            发送缓冲区个数（默认1024）
            </summary>
        </member>
        <member name="M:Sers.CL.Socket.Iocp.Mode.Timer.DeliveryServer.Stop">
            <summary>
            停止服务
            </summary>
        </member>
        <member name="F:Sers.CL.Socket.Iocp.Mode.Timer.DeliveryServer.sendFlushInterval">
            <summary>
            发送缓冲区刷新间隔（单位：毫秒,默认：1）
            </summary>
        </member>
    </members>
</doc>
