<?xml version="1.0"?>
<doc>
    <assembly>
        <name>ServiceAdaptor.NetCore.Consul</name>
    </assembly>
    <members>
        <member name="F:ServiceAdaptor.NetCore.Consul.ApiClient.ConsulAddress">
            <summary>
             http://127.0.0.1:8500
            </summary>
        </member>
        <member name="T:ServiceAdaptor.NetCore.Consul.ServiceAdaptor">
            <summary>
            
            </summary>
        </member>
        <member name="F:ServiceAdaptor.NetCore.Consul.ServiceAdaptor.ConsulConfig.ConsulEndpoint">
            <summary>
            consul的地址。如 http://127.0.0.1:8500
            </summary>
        </member>
        <member name="F:ServiceAdaptor.NetCore.Consul.ServiceAdaptor.ConsulConfig.serviceHost">
            <summary>
            提供的服务的地址，如 127.0.0.1、sers.cloud
            </summary>
        </member>
        <member name="F:ServiceAdaptor.NetCore.Consul.ServiceAdaptor.ConsulConfig.servicePort">
            <summary>
            提供的服务的端口号
            </summary>
        </member>
        <member name="F:ServiceAdaptor.NetCore.Consul.ServiceAdaptor.ConsulConfig.serviceName">
            <summary>
            提供的服务的名称，如 ServiceProvider
            </summary>
        </member>
    </members>
</doc>
