<?xml version="1.0"?>
<doc>
    <assembly>
        <name>Mc.Client.Station</name>
    </assembly>
    <members>
        <member name="M:App.Module.Shell.ShellController.Shell(System.String,System.String,System.String,System.String,System.Nullable{System.Boolean})">
            <summary>
            Shell
            </summary>
            <returns></returns>
        </member>
        <member name="M:App.Module.Shell.ShellController.ShellWithReturn(System.String,System.String,System.String,System.String)">
            <summary>
            ShellWithReturn
            </summary>
            <returns></returns>
        </member>
        <member name="M:App.Module.Shell.WakeupPcController.WakeUp(System.String,System.String,System.Int32)">
            <summary>
            
            </summary>
            <param name="ip"></param>
            <param name="mac">Mac地址。如 "010203040506" (6 bytes)</param>
            <param name="port"></param>
            <returns></returns>
        </member>
        <member name="T:App.Module.Shell.Windows.CommandLine.ApplicationLoader">
            <summary>
            https://blog.csdn.net/weixin_30784141/article/details/96270751
            
            https://www.cnblogs.com/darling131499/p/4082557.html
            
            Class that allows running applications with full admin rights. In
            addition the application launched will bypass the Vista UAC prompt.
            </summary>
        </member>
        <member name="M:App.Module.Shell.Windows.CommandLine.ApplicationLoader.StartProcessAndBypassUAC(App.Module.Shell.Windows.CommandLine.ApplicationLoader.PROCESS_INFORMATION@,System.String,System.String,System.String,System.String,System.Nullable{System.Int16})">
            <summary>
            Launches the given application with full admin rights, and in addition bypasses the Vista UAC prompt
            </summary>
            <param name="procInfo">Process information regarding the launched application that gets returned to the caller</param>
            <param name="userName"></param>
            <param name="applicationName">The name of the application to launch</param>
            <param name="commandLine"></param>
            <param name="currentDirectory">name of current directory </param>
            <returns></returns>
        </member>
        <member name="M:App.Module.Shell.Windows.CommandLine.TSControl.WTSEnumerateSessions(System.Int32,System.Int32,System.Int32,System.Int64@,System.Int32@)">
            <summary> 
            Terminal Services API Functions,The WTSEnumerateSessions function retrieves a list of sessions on a specified terminal server, 
            </summary> 
            <param name="hServer">[in] Handle to a terminal server. Specify a handle opened by the WTSOpenServer function, or specify WTS_CURRENT_SERVER_HANDLE to indicate the terminal server on which your application is running</param> 
            <param name="Reserved">Reserved; must be zero</param> 
            <param name="Version">[in] Specifies the version of the enumeration request. Must be 1. </param> 
            <param name="ppSessionInfo">[out] Pointer to a variable that receives a pointer to an array of WTS_SESSION_INFO structures. Each structure in the array contains information about a session on the specified terminal server. To free the returned buffer, call the WTSFreeMemory function. 
            To be able to enumerate a session, you need to have the Query Information permission.</param> 
            <param name="pCount">[out] Pointer to the variable that receives the number of WTS_SESSION_INFO structures returned in the ppSessionInfo buffer. </param> 
            <returns>If the function succeeds, the return value is a nonzero value. If the function fails, the return value is zero</returns> 
        </member>
        <member name="M:App.Module.Shell.Windows.CommandLine.TSControl.WTSFreeMemory(System.IntPtr)">
            <summary> 
            Terminal Services API Functions,The WTSFreeMemory function frees memory allocated by a Terminal Services function. 
            </summary> 
            <param name="pMemory">[in] Pointer to the memory to free</param> 
        </member>
        <member name="M:App.Module.Shell.Windows.CommandLine.TSControl.WTSLogoffSession(System.Int32,System.Int64,System.Boolean)">
            <summary> 
            Terminal Services API Functions,The WTSLogoffSession function logs off a specified Terminal Services session. 
            </summary> 
            <param name="hServer">[in] Handle to a terminal server. Specify a handle opened by the WTSOpenServer function, or specify WTS_CURRENT_SERVER_HANDLE to indicate the terminal server on which your application is running. </param> 
            <param name="SessionId">[in] A Terminal Services session identifier. To indicate the current session, specify WTS_CURRENT_SESSION. You can use the WTSEnumerateSessions function to retrieve the identifiers of all sessions on a specified terminal server. 
            To be able to log off another user's session, you need to have the Reset permission </param> 
            <param name="bWait">[in] Indicates whether the operation is synchronous. 
            If bWait is TRUE, the function returns when the session is logged off. 
            If bWait is FALSE, the function returns immediately.</param> 
            <returns>If the function succeeds, the return value is a nonzero value. 
            If the function fails, the return value is zero.</returns> 
        </member>
        <member name="T:App.Module.Shell.Windows.CommandLine.TSControl.WTS_CONNECTSTATE_CLASS">
            <summary> 
            The WTS_CONNECTSTATE_CLASS enumeration type contains INT values that indicate the connection state of a Terminal Services session. 
            </summary> 
        </member>
        <member name="T:App.Module.Shell.Windows.CommandLine.TSControl.WTS_SESSION_INFO">
            <summary> 
            The WTS_SESSION_INFO structure contains information about a client session on a terminal server. 
            if the WTS_SESSION_INFO.SessionID==0, it means that the SESSION is the local logon user's session. 
            </summary> 
        </member>
        <member name="M:App.Module.Shell.Windows.CommandLine.TSControl.SessionEnumeration">
             <summary> 
             The SessionEnumeration function retrieves a list of 
            WTS_SESSION_INFO on a current terminal server. 
             </summary> 
             <returns>a list of WTS_SESSION_INFO on a current terminal server</returns> 
        </member>
    </members>
</doc>
