<?xml version="1.0"?>
<doc>
    <assembly>
        <name>Vit.AutoTemp</name>
    </assembly>
    <members>
        <member name="M:Vit.AutoTemp.DataProvider.Ef.EfDataProvider`2.Init">
            <summary>
            
            </summary>
        </member>
        <member name="M:Vit.AutoTemp.DataProvider.Ef.EfDataProvider.Init">
            <summary>
            
            </summary>
        </member>
        <member name="P:Vit.AutoTemp.Demo.DemoRepository.Model.id">
            <summary>
            [field:visiable=false]
            [controller:permit.delete=false] 
            </summary>
        </member>
        <member name="P:Vit.AutoTemp.Demo.DemoRepository.Model.name">
            <summary>
            &lt;span title="装修商名称"&gt;装修商&lt;/span&gt;
            [field:editable=false]
            [field:list_width=200] 
            [filter:,Contains]
            </summary>
        </member>
        <member name="P:Vit.AutoTemp.Demo.DemoRepository.Model.random">
            <summary>
            [field:ig-class=TextArea]
            </summary>
        </member>
        <member name="P:Vit.AutoTemp.Demo.DemoRepository.Model._childrenCount">
            <summary>
            [fieldIgnore] 
            </summary>
        </member>
    </members>
</doc>
