﻿{
  //mcc-linux
  "mcData": [
    {
      "mcUiSrc": "/MCC/{{routePrefix}}/ui/mcUi/talk.html",

      "speaker": "ali-Sitong"
    },
    {
      "mcUiSrc": "/MCC/{{routePrefix}}/ui/mcUi/talk.html",

      "speaker": "baidu-丫丫童声"
    },
    {
      "mcUiSrc": "/MCC/{{routePrefix}}/ui/mcUi/speak.html",

      "speaker": "ali-Sitong"
    },
    {
      "mcUiSrc": "/MCC/{{routePrefix}}/ui/mcUi/speak.html",

      "speaker": "baidu-丫丫童声"
    },
    {
      "mcUiSrc": "/MCC/{{routePrefix}}/ui/mcUi/speak.html",

      "speaker": "ms-Christopher"
    },
    {
      "mcUiSrc": "/MCC/{{routePrefix}}/ui/mcUi/speak-microsoft.html",

      "speaker": "ms-Christopher"
    }
  ]


}
