<?xml version="1.0"?>
<doc>
    <assembly>
        <name>Mc.AliCloud</name>
    </assembly>
    <members>
        <member name="M:App.Module.Ali.DnsLogical.SetDomainRecord(System.String,System.String,System.String,System.String)">
            <summary>
            创建或添加解析记录
            </summary>
            <param name="DomainName">域名。如：sersit.com</param>
            <param name="Type">A:IPv4地址； CNAME:指向另一个域名； TXT:TXT记录</param>
            <param name="RR">主机记录。如： www、@、*.a</param>
            <param name="Value">记录值。如： 127.0.0.1、sers.cloud、aasdgaddgd</param>
            <returns></returns>
        </member>
        <member name="M:App.Module.Ali.DnsLogical.SetDomainRecord(System.String,System.String,System.String)">
            <summary>
            创建或添加解析记录
            </summary>
            <param name="DomainName">域名。如：www.sersit.com</param>
            <param name="Type">A:IPv4地址； CNAME:指向另一个域名； TXT:TXT记录</param>
            <param name="Value">记录值。如： 127.0.0.1、sers.cloud、aasdgaddgd</param>
            <returns></returns>
        </member>
        <member name="M:App.Module.Ali.DnsLogical.GetRecords(System.String)">
            <summary>
            域名的所有解析记录列表
            </summary>
        </member>
        <member name="M:App.Module.Ali.DnsLogical.UpdateDomainRecord(System.String,System.String,System.String,System.String)">
            <summary>
            更新域名解析配置
            </summary>
            <param name="RecordId"></param>
            <param name="Type">A:IPv4地址； CNAME:指向另一个域名； TXT:TXT记录</param>
            <param name="RR">主机记录。如： www、@、*.a</param>
            <param name="Value">记录值。如： 127.0.0.1、sers.cloud、aasdgaddgd</param>
            <returns></returns>
        </member>
        <member name="M:App.Module.Ali.DnsLogical.AddDomainRecord(System.String,System.String,System.String,System.String)">
            <summary>
            添加解析记录
            </summary>
            <param name="DomainName">域名。如：sersit.com</param>
            <param name="Type">A:IPv4地址； CNAME:指向另一个域名； TXT:TXT记录</param>
            <param name="RR">主机记录。如： www、@、*.a</param>
            <param name="Value">记录值。如： 127.0.0.1、sers.cloud、aasdgaddgd</param>
            <returns></returns>
        </member>
        <member name="F:App.Module.Ali.SsController.RegionId">
            <summary>
            实例所属的地域ID
            </summary>
        </member>
    </members>
</doc>
