<?xml version="1.0"?>
<doc>
    <assembly>
        <name>ServiceAdaptor.NetCore.Sers</name>
    </assembly>
    <members>
        <member name="M:ServiceAdaptor.NetCore.Sers.ApiClient.CallApi``1(ServiceAdaptor.NetCore.Client.ApiRequest)">
            <summary>
            
            </summary>
            <typeparam name="ReturnType"></typeparam>
            <param name="req"></param>
            <returns></returns>
        </member>
        <member name="M:ServiceAdaptor.NetCore.Sers.ApiClient.CallApiAsync``1(ServiceAdaptor.NetCore.Client.ApiRequest)">
            <summary>
            
            </summary>
            <typeparam name="ReturnType"></typeparam>
            <param name="req"></param>
            <returns></returns>
        </member>
    </members>
</doc>
