﻿{ 
  //mcc-windows
  "mcData": [
    {
      "mcUiSrc": "/MicroControl/MCUI/Sys/sers.singleSwitch.v1/index.html",
      "mcUiInitData": {
        "deviceName": "temp-win10f",
        "desc": "temp",
        "func": [
          {
            "type": "state",
            "title": "hostname",
            "api": "/MCC/{{routePrefix}}/ShellWithReturn",
            "argument": {
              "fileName": "hostname",
              "arguments": ""
            }
          },
          {
            "type": "button",
            "title": "重启",
            "api": "/MCC/{{routePrefix}}/Shell",
            "argument": {
              "fileName": "shutdown",
              "arguments": "-r -t 10"
            }
          },
          {
            "type": "button",
            "title": "关机",
            "api": "/MCC/{{routePrefix}}/Shell",
            "argument": {
              "fileName": "shutdown",
              "arguments": "-s -t 10"
            }
          },
          {
            "type": "button",
            "title": "查看端口映射",
            "api": "/MCC/{{routePrefix}}/ShellWithReturn",
            "argument": {
              //wmic process where "caption='dotnet.exe' and commandline like '%PortForward.dll%'" get caption,commandline /value
              "fileName": "wmic",
              "arguments": "process where \"caption='dotnet.exe' and commandline like '%PortForward.dll%'\" get caption,commandline /value",
              "runOnBack": false
            }
          },
          {
            "type": "button",
            "title": "关闭端口映射",
            "api": "/MCC/{{routePrefix}}/ShellWithReturn",
            "argument": {
              //wmic process where "caption='dotnet.exe' and commandline like '%PortForward.dll%'" call terminate
              //wmic process where "caption='dotnet.exe' and commandline like '%PortForward.dll%'" delete
              "fileName": "wmic",
              "arguments": "process where \"caption='dotnet.exe' and commandline like '%PortForward.dll%'\" delete",
              "runOnBack": false
            }
          },
          {
            "type": "button",
            "title": "映射端口ali:10010",
            "api": "/MCC/{{routePrefix}}/Shell",
            "argument": {
              // dotnet ../PortForward/PortForward.dll PortForwardClient--at111sssssfvbvdscv--ali.sers.cloud--10011--127.0.0.1--3389--2
              "fileName": "dotnet",
              "arguments": "../PortForward/PortForward.dll PortForwardClient--at111sssssfvbvdscv--ali.sers.cloud--10011--127.0.0.1--3389--2",
              "runOnBack": true
            }
          },

          {
            "type": "button",
            "title": "映射端口103:10010",
            "api": "/MCC/{{routePrefix}}/Shell",
            "argument": {
              "fileName": "dotnet",
              "arguments": "../PortForward/PortForward.dll PortForwardClient--at111sssssfvbvdscv--103.sers.cloud--10011--127.0.0.1--3389--2",
              "runOnBack": true
            }
          },

          {
            "type": "button",
            "title": "自定义映射端口",
            "api": "/MCC/{{routePrefix}}/Shell",
            "argumentIsFunction": true,
            "argument": "function(){var n=prompt('请输入映射参数','PortForwardClient--at111sssssfvbvdscv--103.sers.cloud--10011--127.0.0.1--3389--2'); if(!n) throw '取消'; return {fileName:'dotnet',runOnBack:true,arguments:'../PortForward/PortForward.dll '+ n };}"
          },

          {
            "type": "button",
            "title": "修改站点名",
            "api": "/MCC/{{routePrefix}}/ChangeStationName",
            "argumentIsFunction": true,
            "argument": "function(){var n=prompt('请输入要修改为的站点名'); if(!n) throw '取消'; return {serviceStationName: n };}"
          },

          {
            "type": "button",
            "title": "查看用户",
            "api": "/MCC/{{routePrefix}}/Windows/StartProcess",
            "argument": {
              //"applicationPath": "..\\Mcc.RemoteControl.NetFx\\Mcc.RemoteControl.NetFx.exe"
              //,"userName": "help"
            }           
          },

          {
            "type": "button",
            "title": "开启远程服务",
            "api": "/MCC/{{routePrefix}}/Windows/StartProcess",
            //"argument": {
            //  "applicationPath": "..\\Mcc.RemoteControl.NetFx\\Mcc.RemoteControl.NetFx.exe"
            //  //,"userName": "help"
            //}
            "argumentIsFunction": true,
            "argument": "function(){var n=prompt('请输入远程用户名');return {userName: n,showWindow:'SW_HIDE',applicationPath:'..\\\\Mcc.RemoteControl.NetFx\\\\Mcc.RemoteControl.NetFx.exe' };}"
          }
        ]
      }
    }
  ]
}