<?xml version="1.0"?>
<doc>
    <assembly>
        <name>Vit.WebHost</name>
    </assembly>
    <members>
        <member name="M:Vit.Extensions.IServiceCollectionExtensions_AllowAnyOrigin.AllowAnyOrigin(Microsoft.Extensions.DependencyInjection.IServiceCollection)">
            <summary>
            允许跨域访问。（尽早调用）
            </summary>
            <param name="services"></param>
            <returns></returns>
        </member>
        <member name="M:Vit.Extensions.IWebHostBuilderExtensions_AllowAnyOrigin.AllowAnyOrigin(Microsoft.AspNetCore.Hosting.IWebHostBuilder)">
            <summary>
            允许跨域访问。（尽早调用）
            </summary>
            <param name="data"></param>
            <returns></returns>
        </member>
        <member name="M:Vit.Extensions.IServiceCollectionExtensions_ConfigureApp.ConfigureApp(Microsoft.Extensions.DependencyInjection.IServiceCollection,System.Action{Microsoft.AspNetCore.Builder.IApplicationBuilder},System.Action{Microsoft.AspNetCore.Builder.IApplicationBuilder})">
            <summary>
            添加app配置的同时不停用其他app配置。（调用IWebHostBuilder.Configure函数会停用掉之前的配置，仅最后一次生效）
            </summary>
            <param name="services"></param>
            <param name="beforeConfig"></param>
            <param name="afterConfig"></param>
            <returns></returns>
        </member>
        <member name="M:Vit.Extensions.IWebHostBuilderExtensions_ConfigureApp.ConfigureApp(Microsoft.AspNetCore.Hosting.IWebHostBuilder,System.Action{Microsoft.AspNetCore.Builder.IApplicationBuilder},System.Action{Microsoft.AspNetCore.Builder.IApplicationBuilder})">
            <summary>
            添加app配置的同时不停用其他app配置。（调用IWebHostBuilder.Configure函数会停用掉之前的配置，仅最后一次生效）
            </summary>
            <param name="builder"></param>
            <param name="beforeConfig"></param>
            <param name="afterConfig"></param>
            <returns></returns>
        </member>
        <member name="M:Vit.Extensions.IApplicationBuilderExtensions_UseStaticFiles.UseHttpsRedirection(Microsoft.AspNetCore.Builder.IApplicationBuilder,Vit.WebHost.Extensions.HttpsRedirection.HttpsRedirectionConfig)">
            <summary>
            重定向所有的http请求到https
            </summary>
            <param name="data"></param>
            <param name="config"></param>
            <returns></returns>
        </member>
        <member name="M:Vit.Extensions.IApplicationBuilderExtensions_UseStaticFiles.UseHttpsRedirection(Microsoft.AspNetCore.Builder.IApplicationBuilder,System.String,System.Nullable{System.Int32},System.Int32)">
            <summary>
            重定向所有的http请求到https
            </summary>
            <param name="data"></param>
            <param name="host">重定向的地址。若不指定，则使用发起请求的host</param>
            <param name="port">重定向的端口号。若不指定，则使用发起请求的port</param>
            <param name="statusCode">The status code used for the redirect response. The default is 307.</param>
            <returns></returns>
        </member>
        <member name="M:Vit.Extensions.IApplicationBuilderExtensions_UseStaticFiles.UseStaticFilesFromConfig(Microsoft.AspNetCore.Builder.IApplicationBuilder,System.String)">
            <summary>
            启用静态文件服务
            
            <example>
            <code>
             /* 映射静态文件。若不指定则不映射静态文件 */
             "staticFiles": {
            
               /* 请求路径（可不指定）。demo："/file/static"。The relative request path that maps to static resources */
               //"requestPath": "/file",
            
               /* 静态文件路径。可为相对路径或绝对路径。若为空或空字符串则为默认路径（wwwroot）。demo:"wwwroot/demo" */
               //"rootPath": "wwwroot",
            
               /* 默认页面（可不指定）。An ordered list of file names to select by default. List length and ordering  may affect performance */
               //"defaultFileNames": [],
            
               /* 是否可浏览目录(default false)。Enables directory browsing */
               //"useDirectoryBrowser": false,
            
               /* 静态文件类型映射配置的文件路径。可为相对路径或绝对路径。例如"contentTypeMap.json"。若不指定（或指定的文件不存在）则不指定文件类型映射配置 */
               "contentTypeMapFile": "contentTypeMap.json",
            
               /* 回应静态文件时额外添加的http回应头。可不指定。 */
               "responseHeaders": {
            
                 //设置浏览器静态文件缓存3600秒
                 "Cache-Control": "public,max-age=3600"
               }
             }
                   
            </code>
            </example>
            
            </summary>
            <param name="data"></param>
            <param name="configPath">在appsettings.json文件中的路径。默认:"server.staticFiles"。</param>
            <returns></returns>
        </member>
        <member name="M:Vit.Extensions.IApplicationBuilderExtensions_UseStaticFiles.UseStaticFiles(Microsoft.AspNetCore.Builder.IApplicationBuilder,Vit.WebHost.StaticFilesConfig)">
            <summary>
            启用静态文件服务
            
            <example>
            <code>
             /* 映射静态文件。若不指定则不映射静态文件 */
             "staticFiles": {
            
               /* 请求路径（可不指定）。demo："/file/static"。The relative request path that maps to static resources */
               //"requestPath": "/file",
            
               /* 静态文件路径。可为相对路径或绝对路径。若为空或空字符串则为默认路径（wwwroot）。demo:"wwwroot/demo" */
               //"rootPath": "wwwroot",
            
               /* 默认页面（可不指定）。An ordered list of file names to select by default. List length and ordering  may affect performance */
               //"defaultFileNames": [],
            
               /* 是否可浏览目录(default false)。Enables directory browsing */
               //"useDirectoryBrowser": false,
            
               /* 静态文件类型映射配置的文件路径。可为相对路径或绝对路径。例如"contentTypeMap.json"。若不指定（或指定的文件不存在）则不指定文件类型映射配置 */
               "contentTypeMapFile": "contentTypeMap.json",
            
               /* 回应静态文件时额外添加的http回应头。可不指定。 */
               "responseHeaders": {
            
                 //设置浏览器静态文件缓存3600秒
                 "Cache-Control": "public,max-age=3600"
               }
             }
                   
            </code>
            </example>
            
            </summary>
            <param name="data"></param>
            <param name="config"></param>
            <returns></returns>
        </member>
        <member name="T:Vit.Extensions.IApplicationBuilderExtensions_UseStaticFiles.SortedHtmlDirectoryFormatter">
            <summary>
            自定义DirectoryFormatter
             https://www.cnblogs.com/artech/p/static-file-for-asp-net-core-04.html
             
            </summary>
        </member>
        <member name="F:Vit.Extensions.IApplicationBuilderExtensions_UseStaticFiles.SortedHtmlDirectoryFormatter.SetOrder">
            <summary>
            默认按文件名称排序。  contents => contents.OrderBy(f => f.Name)
            </summary>
        </member>
        <member name="M:Vit.Extensions.IWebHostBuilderExtensions_UseUrlsFromConfig.UseUrlsFromConfig(Microsoft.AspNetCore.Hosting.IWebHostBuilder,System.String,System.String)">
            <summary>
            Specify the urls the web host will listen on.
            </summary>
            <param name="data"></param>
            <param name="urlsPath">在appsettings.json文件中的路径。默认:"server.urls"。其指定的值必须为字符串数组。</param>
            <param name="certificatesPath">在appsettings.json文件中的路径。默认:"server.certificates"。</param>
            <returns></returns>
        </member>
        <member name="M:Vit.Extensions.IWebHostBuilderExtensions_UseVitConfig.UseVitConfig(Microsoft.AspNetCore.Hosting.IWebHostBuilder)">
            <summary>
            
            </summary>
            <param name="data"></param>
            <returns></returns>
        </member>
        <member name="M:Vit.Extensions.IServiceCollectionExtensions_UseCertificates.UseCertificates(Microsoft.Extensions.DependencyInjection.IServiceCollection,System.String)">
            <summary>
            加载https证书 
            <example>
            <code>
              //appsettings.json
              //...
              "server": {
               /* https证书配置，可不指定。若urls中指定了https协议，请在此指定对应的https证书 */
               "certificates": [
                 {
                   "filePath": "data/serset-com-iis-0923120142.pfx",
                   "password": "password"
                 }
               ]
              },
              //...        
            </code>
            </example>
            
            </summary>
            <param name="data"></param>
            <param name="configPath">在appsettings.json文件中的路径。默认:"server.certificates"。</param>
            <returns></returns>
        </member>
        <member name="M:Vit.Extensions.IServiceCollectionExtensions_UseCertificates.UseCertificates(Microsoft.Extensions.DependencyInjection.IServiceCollection,Vit.WebHost.Extensions.UseCertificates.CertificateInfo[])">
            <summary>
            加载https证书
            </summary>
            <param name="data"></param>
            <param name="certificates">证书配置</param>
            <returns></returns>
        </member>
        <member name="M:Vit.Extensions.IWebHostBuilderExtensions_UseCertificates.UseCertificates(Microsoft.AspNetCore.Hosting.IWebHostBuilder,System.String)">
            <summary>
            加载https证书 
            <example>
            <code>
              //appsettings.json
              //...
              "server": {
               /* https证书配置，可不指定。若urls中指定了https协议，请在此指定对应的https证书 */
               "certificates": [
                 {
                   "filePath": "data/serset-com-iis-0923120142.pfx",
                   "password": "password"
                 }
               ]
              },
              //...        
            </code>
            </example>
            
            </summary>
            <param name="data"></param>
            <param name="configPath">在appsettings.json文件中的路径。默认:"server.certificates"。</param>
            <returns></returns>
        </member>
        <member name="M:Vit.Extensions.IWebHostBuilderExtensions_UseCertificates.UseCertificates(Microsoft.AspNetCore.Hosting.IWebHostBuilder,Vit.WebHost.Extensions.UseCertificates.CertificateInfo[])">
            <summary>
            加载https证书 
            </summary>
            <param name="data"></param>
            <param name="certificates">证书配置</param>
            <returns></returns>
        </member>
        <member name="M:Vit.Extensions.IWebHostBuilderExtensions_UseStaticFiles.UseStaticFilesFromConfig(Microsoft.AspNetCore.Hosting.IWebHostBuilder,System.String)">
            <summary>
            启用静态文件服务
            
            <example>
            <code>
             /* 映射静态文件。若不指定则不映射静态文件 */
             "staticFiles": {
            
               /* 请求路径（可不指定）。demo："/file/static"。The relative request path that maps to static resources */
               //"requestPath": "/file",
            
               /* 静态文件路径。可为相对路径或绝对路径。若为空或空字符串则为默认路径（wwwroot）。demo:"wwwroot/demo" */
               //"rootPath": "wwwroot",
            
               /* 默认页面（可不指定）。An ordered list of file names to select by default. List length and ordering  may affect performance */
               //"defaultFileNames": [],
            
               /* 是否可浏览目录(default false)。Enables directory browsing */
               //"useDirectoryBrowser": false,
            
               /* 静态文件类型映射配置的文件路径。可为相对路径或绝对路径。例如"contentTypeMap.json"。若不指定（或指定的文件不存在）则不指定文件类型映射配置 */
               "contentTypeMapFile": "contentTypeMap.json",
            
               /* 回应静态文件时额外添加的http回应头。可不指定。 */
               "responseHeaders": {
            
                 //设置浏览器静态文件缓存3600秒
                 "Cache-Control": "public,max-age=3600"
               }
             }
                   
            </code>
            </example>
            
            </summary>
            <param name="data"></param>
            <param name="configPath">在appsettings.json文件中的路径。默认:"server.staticFiles"。</param>
            <returns></returns>
        </member>
        <member name="M:Vit.Extensions.IWebHostBuilderExtensions_UseStaticFiles.UseStaticFiles(Microsoft.AspNetCore.Hosting.IWebHostBuilder,Vit.WebHost.StaticFilesConfig)">
            <summary>
            启用静态文件服务
            
            <example>
            <code>
             /* 映射静态文件。若不指定则不映射静态文件 */
             "staticFiles": {
            
               /* 请求路径（可不指定）。demo："/file/static"。The relative request path that maps to static resources */
               //"requestPath": "/file",
            
               /* 静态文件路径。可为相对路径或绝对路径。若为空或空字符串则为默认路径（wwwroot）。demo:"wwwroot/demo" */
               //"rootPath": "wwwroot",
            
               /* 默认页面（可不指定）。An ordered list of file names to select by default. List length and ordering  may affect performance */
               //"defaultFileNames": [],
            
               /* 是否可浏览目录(default false)。Enables directory browsing */
               //"useDirectoryBrowser": false,
            
               /* 静态文件类型映射配置的文件路径。可为相对路径或绝对路径。例如"contentTypeMap.json"。若不指定（或指定的文件不存在）则不指定文件类型映射配置 */
               "contentTypeMapFile": "contentTypeMap.json",
            
               /* 回应静态文件时额外添加的http回应头。可不指定。 */
               "responseHeaders": {
            
                 //设置浏览器静态文件缓存3600秒
                 "Cache-Control": "public,max-age=3600"
               }
             }
                   
            </code>
            </example>
            
            </summary>
            <param name="data"></param>
            <param name="config"></param>
            <returns></returns>
        </member>
        <member name="F:Vit.WebHost.Extensions.HttpsRedirection.HttpsRedirectionConfig.host">
            <summary>
            重定向的地址。若不指定，则使用发起请求的host
            </summary>
        </member>
        <member name="F:Vit.WebHost.Extensions.HttpsRedirection.HttpsRedirectionConfig.port">
            <summary>
            重定向的端口号。若不指定，则使用发起请求的port
            </summary>
        </member>
        <member name="P:Vit.WebHost.Extensions.HttpsRedirection.HttpsRedirectionConfig.statusCode">
            <summary>
             The status code used for the redirect response. The default is 307.
            </summary>
        </member>
        <member name="F:Vit.WebHost.HostRunArg.urls">
            <summary>
            
            </summary>       
        </member>
        <member name="P:Vit.WebHost.HostRunArg.certificates">
            <summary>
            
            </summary>
        </member>
        <member name="P:Vit.WebHost.HostRunArg.httpsRedirection">
            <summary>
            
            </summary>       
        </member>
        <member name="F:Vit.WebHost.HostRunArg.allowAnyOrigin">
            <summary>
            是否允许跨域访问，默认true
            </summary>       
        </member>
        <member name="F:Vit.WebHost.HostRunArg.staticFiles">
            <summary>
            映射静态文件，可不指定
            </summary>       
        </member>
        <member name="F:Vit.WebHost.HostRunArg.RunAsync">
            <summary>
            是否异步运行.Runs a web application and returns a Task that only completes when the token is triggered or shutdown is triggered.
            </summary>      
        </member>
        <member name="P:Vit.WebHost.StaticFilesConfig.requestPath">
            <summary>
            请求路径（可不指定）。demo："/file/static"。The relative request path that maps to static resources
            </summary>       
        </member>
        <member name="P:Vit.WebHost.StaticFilesConfig.rootPath">
            <summary>
            静态文件路径。可为相对路径或绝对路径。若为空或空字符串则为默认路径（wwwroot）。demo:"wwwroot"
            </summary>
        </member>
        <member name="P:Vit.WebHost.StaticFilesConfig.defaultFileNames">
            <summary>
            默认页面（可不指定）。An ordered list of file names to select by default. List length and ordering  may affect performance
            </summary>       
        </member>
        <member name="P:Vit.WebHost.StaticFilesConfig.useDirectoryBrowser">
            <summary>
            是否可浏览目录(default false)。Enables directory browsing
            </summary>       
        </member>
        <member name="P:Vit.WebHost.StaticFilesConfig.responseHeaders">
            <summary>
            回应静态文件时额外添加的http回应头。可不指定。
            </summary>       
        </member>
        <member name="P:Vit.WebHost.StaticFilesConfig.contentTypeMapFile">
            <summary>
            静态文件类型映射配置的文件路径。可为相对路径或绝对路径。例如"contentTypeMap.json"。若不指定（或指定的文件不存在）则不指定文件类型映射配置
            </summary>
        </member>
        <member name="P:Vit.WebHost.StaticFilesConfig.OnInitStaticFileOptions">
            <summary>
            初始化 wwwroot静态文件配置的操作
            </summary>
        </member>
        <member name="M:Vit.WebHost.WebHostHelp.BuildContentTypeProvider(System.String)">
            <summary>
            静态文件类型映射配置的文件路径。可为相对路径或绝对路径。例如"contentTypeMap.json"。若不指定（或指定的文件不存在）则返回null
            </summary>
            <param name="contentTypeMapFile"></param>
            <returns></returns>
        </member>
    </members>
</doc>
