<?xml version="1.0"?>
<doc>
    <assembly>
        <name>Did.SersLoader.Demo</name>
    </assembly>
    <members>
        <member name="M:Did.SersLoader.Demo.Controllers.Demo.SampleController.Route">
            <summary>
            route示例
            </summary>
            <returns></returns>
        </member>
        <member name="M:Did.SersLoader.Demo.Controllers.Demo.SampleController.Route4">
            <summary>
            route示例-泛接口
            </summary>
            <returns></returns>
        </member>
        <member name="M:Did.SersLoader.Demo.Controllers.Demo.SampleController.Route5_Get">
            <summary>
            HttpMethod示例GET
            </summary>
            <returns></returns>
        </member>
        <member name="M:Did.SersLoader.Demo.Controllers.Demo.SampleController.Route5_POST">
            <summary>
            HttpMethod示例POST
            </summary>
            <returns></returns>
        </member>
        <member name="M:Did.SersLoader.Demo.Controllers.Demo.SampleController.NameDesc">
            <summary>
            演示 如何使用Name 和 Description。
            函数注释和使用SsDescription是一样的效果。
            </summary>
            <returns></returns>
        </member>
        <member name="M:Did.SersLoader.Demo.Controllers.Demo.SampleController.NameDesc2">
            <summary>
            
            </summary>
            <returns></returns>
        </member>
        <member name="M:Did.SersLoader.Demo.Controllers.Demo.SampleController.Arg301">
            <summary>
            无参
            </summary>
            <returns></returns>
        </member>
        <member name="M:Did.SersLoader.Demo.Controllers.Demo.SampleController.Arg320(Did.SersLoader.Demo.Controllers.Demo.SampleController.ArgModel)">
            <summary>
             首个参数为参数实体（引用类型）
            </summary>
            <param name="args">arg1注释</param>
            <returns>ArgModelDesc-returns</returns>
        </member>
        <member name="M:Did.SersLoader.Demo.Controllers.Demo.SampleController.Arg321(System.String[])">
            <summary>
            首个参数为参数实体（引用类型）
            </summary>
            <param name="args"></param>
            <returns></returns>
        </member>
        <member name="M:Did.SersLoader.Demo.Controllers.Demo.SampleController.Arg322(System.String)">
            <summary>
            标识函数第一个参数为Api的参数实体。（忽略其他参数(若存在)，调用函数时其他参数(若存在)为空）
            </summary>
            <param name="args">args注释</param>
            <returns></returns>
        </member>
        <member name="M:Did.SersLoader.Demo.Controllers.Demo.SampleController.Arg323(System.String,System.String)">
            <summary>
            标识函数第一个参数为Api的参数实体。（忽略其他参数(若存在)，调用函数时其他参数(若存在)为空）
            </summary>
            <param name="args"></param>
            <param name="arg2"></param>
            <returns></returns>
        </member>
        <member name="M:Did.SersLoader.Demo.Controllers.Demo.SampleController.Arg330(System.String)">
            <summary>
            函数参数列表为参数实体
            </summary>
            <param name="arg1"></param>
            <returns></returns>
        </member>
        <member name="M:Did.SersLoader.Demo.Controllers.Demo.SampleController.Arg331(System.String,System.Int32)">
            <summary>
            函数参数列表为参数实体
            </summary>
            <param name="arg1">arg1注释</param>
            <param name="arg2">arg2注释</param>
            <returns></returns>
        </member>
        <member name="M:Did.SersLoader.Demo.Controllers.Demo.SampleController.Arg332(Did.SersLoader.Demo.Controllers.Demo.SampleController.ArgModel,System.Int32)">
            <summary>
            函数参数列表为参数实体
            </summary>
            <param name="arg1">arg1注释</param>
            <param name="arg2">arg2注释</param>
            <returns></returns>
        </member>
        <member name="M:Did.SersLoader.Demo.Controllers.Demo.SampleController.Arg333(Did.SersLoader.Demo.Controllers.Demo.SampleController.ArgModel)">
            <summary>
            函数第一个参数为Api的参数实体的属性之一。（一般放置在第一个参数上，代表第一个参数不为参数实体）
            </summary>
            <param name="arg1">arg1注释</param>     
            <returns></returns>
        </member>
        <member name="P:Did.SersLoader.Demo.Controllers.Demo.SampleController.ArgModel.name">
            <summary>
            姓名
            </summary>
        </member>
        <member name="F:Did.SersLoader.Demo.Controllers.Demo.SampleController.ArgModel.age">
            <summary>
            
            </summary>
        </member>
        <member name="M:Did.SersLoader.Demo.Controllers.Demo.SampleController.Return1">
            <summary>
            Return1
            </summary>
            <returns>Return注释-FromXml</returns>
        </member>
        <member name="M:Did.SersLoader.Demo.Controllers.Demo.SampleController.Return2">
            <summary>
            Return2
            </summary>
            <returns></returns>
        </member>
        <member name="M:Did.SersLoader.Demo.Controllers.Demo.SampleController.Return3">
            <summary>
            
            </summary>
            <returns></returns>
        </member>
        <member name="M:Did.SersLoader.Demo.Controllers.Demo.SampleController.Return4">
            <summary>
            
            </summary>
            <returns></returns>
        </member>
        <member name="M:Did.SersLoader.Demo.Controllers.Demo.SampleController.Return5">
            <summary>
            
            </summary>
            <returns></returns>
        </member>
        <member name="M:Did.SersLoader.Demo.Controllers.Demo.SampleController.Return6">
            <summary>
            
            </summary>
            <returns></returns>
        </member>
        <member name="T:Did.SersLoader.Demo.Controllers.Demo.SampleController.ReturnData">
            <summary>
            Return注释-FromType
            </summary>
        </member>
        <member name="P:Did.SersLoader.Demo.Controllers.Demo.SampleController.ReturnData.name">
            <summary>
            姓名
            </summary>
        </member>
        <member name="M:Did.SersLoader.Demo.Controllers.Demo.SampleController.Type(System.String)">
            <summary>
            指定参数或返回值类型
            </summary>
            <returns></returns>
        </member>
        <member name="M:Did.SersLoader.Demo.Controllers.Demo.SampleController.GetRpcOriData">
            <summary>
            rpc示例
            </summary>
            <returns></returns>
        </member>
        <member name="M:Did.SersLoader.Demo.Controllers.Demo.SampleController.RpcDemo">
            <summary>
            rpc示例
            </summary>
            <returns></returns>
        </member>
        <member name="M:Did.SersLoader.Demo.Controllers.Demo.SampleController.RpcReplyDemo(System.String)">
            <summary>
            rpc示例
            </summary>
            <returns></returns>
        </member>
        <member name="M:Did.SersLoader.Demo.Controllers.Demo.SampleController.ApiClient610(System.String,System.Object)">
            <summary>
            ApiClient示例,调用其他接口
            </summary>
            <returns></returns>
        </member>
        <member name="M:Did.SersLoader.Demo.Controllers.Demo.SampleController.ApiClient620(System.Byte[])">
            <summary>
            ApiClient示例,传输二进制数据
            </summary>
            <param name="ba"></param>
            <returns></returns>
        </member>
        <member name="M:Did.SersLoader.Demo.Controllers.Demo.SampleController.ApiClient621(System.ArraySegment{System.Byte})">
            <summary>
            ApiClient示例,传输二进制数据
            </summary>
            <param name="ba"></param>
            <returns></returns>
        </member>
        <member name="M:Did.SersLoader.Demo.Controllers.Demo.SampleController.ApiClient622">
            <summary>
            ApiClient示例,传输二进制数据
            </summary>
            <returns></returns>
        </member>
        <member name="M:Did.SersLoader.Demo.Controllers.Demo.SampleController.ApiClient630">
            <summary>
            ApiClient示例,二进制数据和ReplyRpc
            </summary>
            <returns></returns>
        </member>
        <member name="M:Did.SersLoader.Demo.Controllers.Demo.SampleController.ApiClient3_2">
            <summary>
            ApiClient示例,传输二进制数据和ReplyRpc
            </summary>
            <returns></returns>
        </member>
        <member name="M:Did.SersLoader.Demo.Controllers.Demo.SampleController.UseStaticFiles">
            <summary>
            UseStaticFiles
            </summary>
            <returns></returns>
        </member>
        <member name="M:Did.SersLoader.Demo.Controllers.Demo.SampleController.SsRpcVerify">
            <summary>
            810自定义限制 SsRpcVerify
            </summary>
            <returns></returns>
        </member>
        <member name="M:Did.SersLoader.Demo.Controllers.Demo.SampleController.CallerSource820">
            <summary>
            820限制只可内部调用
            </summary>
            <returns></returns>
        </member>
        <member name="M:Did.SersLoader.Demo.Controllers.Demo.SampleController.CallerSource821">
            <summary>
            821限制只可内部调用
            </summary>
            <returns></returns>
        </member>
        <member name="M:Did.SersLoader.Demo.Controllers.Demo.SampleController.CallerSource822">
            <summary>
            822限制只可外部调用
            </summary>
            <returns></returns>
        </member>
        <member name="M:Did.SersLoader.Demo.Controllers.Demo.SampleController.SsCmp830">
            <summary>
            830 SsCmp
            </summary>
            <returns></returns>
        </member>
        <member name="M:Did.SersLoader.Demo.Controllers.Demo.SampleController.SsEqual840">
            <summary>
            840 SsEqual
            </summary>
            <returns></returns>
        </member>
        <member name="M:Did.SersLoader.Demo.Controllers.Demo.SampleController.SsNotEqual850">
            <summary>
            850 SsNotEqual
            </summary>
            <returns></returns>
        </member>
        <member name="M:Did.SersLoader.Demo.Controllers.Demo.SampleController.SsNotNull860">
            <summary>
            860 SsNotNull
            </summary>
            <returns></returns>
        </member>
        <member name="M:Did.SersLoader.Demo.Controllers.Demo.SampleController.SsRegex870">
            <summary>
            870 SsRegex(请求地址 /demo/v1/api/870/SsRegex/a.html )
            </summary>
            <returns></returns>
        </member>
        <member name="M:Did.SersLoader.Demo.Controllers.Demo.SampleController.Recursive(System.Int32)">
            <summary>
             递归。 f(n)  =  f(n-1) + f(n-2)
            </summary>
            <returns></returns>
        </member>
        <member name="M:Did.SersLoader.Demo.Controllers.Demo.SampleController.Sleep(System.Int32)">
            <summary>
             睡眠指定时间
            </summary>
            <returns></returns>
        </member>
        <member name="M:Did.SersLoader.Demo.Controllers.Demo.SampleController.Upload(System.Byte[])">
            <summary>
             上传文件(测试地址 /demo/v1/api/700/static/upload.html)
            </summary>
            <returns></returns>
        </member>
        <member name="M:Did.SersLoader.Demo.Controllers.PubSub.Controller.PublishController.Publish(System.String)">
            <summary>
            
            </summary>
            <returns></returns>
        </member>
    </members>
</doc>
