<?xml version="1.0"?>
<doc>
    <assembly>
        <name>Sers.CL.Ipc.NamedPipe</name>
    </assembly>
    <members>
        <member name="F:Sers.CL.Ipc.NamedPipe.DeliveryClient.connectTimeoutMs">
            <summary>
            尝试连接超时时间（单位：毫秒）（默认：1000）
            </summary>
        </member>
        <member name="P:Sers.CL.Ipc.NamedPipe.DeliveryClient.Conn_OnGetFrame">
            <summary>
            请勿处理耗时操作，需立即返回。接收到客户端的数据事件
            </summary>
        </member>
        <member name="F:Sers.CL.Ipc.NamedPipe.DeliveryClient.serverName">
            <summary>
            服务端机器名或者ip地址（如 103.23.23.23 、win10f），默认 "."
            </summary>
        </member>
        <member name="F:Sers.CL.Ipc.NamedPipe.DeliveryClient.pipeName">
            <summary>
            默认 "Sers.CL.Ipc"
            </summary>
        </member>
        <member name="M:Sers.CL.Ipc.NamedPipe.DeliveryClient.Close">
            Disconnect from the host.
        </member>
        <member name="T:Sers.CL.Ipc.NamedPipe.DeliveryConnection">
            <summary>
             
            </summary>
        </member>
        <member name="P:Sers.CL.Ipc.NamedPipe.DeliveryConnection.state">
            <summary>
            连接状态(0:waitForCertify; 2:certified; 4:waitForClose; 8:closed;)
            </summary>
        </member>
        <member name="P:Sers.CL.Ipc.NamedPipe.DeliveryConnection.OnGetFrame">
            <summary>
            请勿处理耗时操作，需立即返回。接收到客户端的数据事件
            </summary>
        </member>
        <member name="F:Sers.CL.Ipc.NamedPipe.DeliveryConnection.StreamReader.receiveBufferSize">
            <summary>
            缓存区大小
            </summary>
        </member>
        <member name="P:Sers.CL.Ipc.NamedPipe.DeliveryConnection.stream">
            <summary>
            通信对象
            </summary>
        </member>
        <member name="P:Sers.CL.Ipc.NamedPipe.DeliveryConnection.connectTime">
            <summary>
            连接时间
            </summary>
        </member>
        <member name="F:Sers.CL.Ipc.NamedPipe.DeliveryServer.pipeName">
            <summary>
            如： "Sers.CL.Ipc"
            </summary>
        </member>
        <member name="F:Sers.CL.Ipc.NamedPipe.DeliveryServer.connMap">
            <summary>
             connHashCode -> DeliveryConnection
            </summary>
        </member>
        <member name="M:Sers.CL.Ipc.NamedPipe.DeliveryServer.Start">
            <summary>
            启动服务
            </summary>
        </member>
        <member name="M:Sers.CL.Ipc.NamedPipe.DeliveryServer.Stop">
            <summary>
            停止服务
            </summary>
        </member>
    </members>
</doc>
